Name,Address,Description,Latitude,Longitude,TimeStamp,TimeSpan:begin,TimeSpan:end,GettyID
Prof. Dr. Angelica Rieger,Aachen,Prof. Dr. Angelica Rieger,,,,,,
Lidia Molina,Aachen,Lidia Molina,,,,,,
Dr. Frank Jablonka,Amiens,Dr. Frank Jablonka,,,,,,
Prof. Dr. Steven  Dworkin,Ann Arbor,Prof. Dr. Steven  Dworkin,,,,,,
Prof. Dr. Rita  De Maeseneer,Antwerp,Prof. Dr. Rita  De Maeseneer,,,,,,
Simone Baum,Augsburg,Simone Baum,,,,,,
PD Dr. Thomas Stauder,Augsburg,PD Dr. Thomas Stauder,,,,,,
Prof. Dr. Hanno Ehrlicher,Augsburg,Prof. Dr. Hanno Ehrlicher,,,,,,
Dr. Nanette Rißler-Pipka,Augsburg,Dr. Nanette Rißler-Pipka,,,,,,
María del Carmen Luis Gironés,Bad Hersfeld,María del Carmen Luis Gironés,,,,,,
Prof. Dr. Enrique Rodrigues-Moura,Bamberg,Prof. Dr. Enrique Rodrigues-Moura,,,,,,
Prof. Dr. Christine Michler,Bamberg,Prof. Dr. Christine Michler,,,,,,
Prof. Dr. Dina De Rentiis,Bamberg,Prof. Dr. Dina De Rentiis,,,,,,
PD Dr. Philipp Burdy,Bamberg,PD Dr. Philipp Burdy,,,,,,
Prof. Dr. Martin Haase,Bamberg,Prof. Dr. Martin Haase,,,,,,
Hanna Budig,Bamberg,Hanna Budig,,,,,,
Jenny Brumme,Barcelona,Jenny Brumme,,,,,,
PD Dr. Giovanna D'Aniello,Bari,PD Dr. Giovanna D'Aniello,,,,,,
Rocío Agar Marco,Basel,Rocío Agar Marco,,,,,,
Dr. Florence Oloff,Basel,Dr. Florence Oloff,,,,,,
Prof. Dr. Harm den Boer,Basel,Prof. Dr. Harm den Boer,,,,,,
Dr. Volker Jaeckel,Belo Horizonte,Dr. Volker Jaeckel,,,,,,
Weitere Publikationen,Belo Horizonte,Weitere Publikationen,,,,,,
Amor Ayala,Berlin,Amor Ayala,,,,,,
Prof. Dr. Annette Gerstenberg,Berlin,Prof. Dr. Annette Gerstenberg,,,,,,
Prof. Dr. Anja  Bandau,Berlin,Prof. Dr. Anja  Bandau,,,,,,
Dr. Igor Candido,Berlin,Dr. Igor Candido,,,,,,
Dr. Georg Wink,Berlin,Dr. Georg Wink,,,,,,
Prof. Dr. Ronald Daus,Berlin,Prof. Dr. Ronald Daus,,,,,,
Dr. Patrick Roesler,Berlin,Dr. Patrick Roesler,,,,,,
Julius Becker,Berlin,Julius Becker,,,,,,
Mira Becker,Berlin,Mira Becker,,,,,,
PD Dr. Margot Brink,Berlin,PD Dr. Margot Brink,,,,,,
Prof. Dr. Margarete Zimmermann,Berlin,Prof. Dr. Margarete Zimmermann,,,,,,
PD Dr. Anita Traninger,Berlin,PD Dr. Anita Traninger,,,,,,
Dr. Silvia Richter,Berlin,Dr. Silvia Richter,,,,,,
Prof. Dr. Peter Stein,Berlin,Prof. Dr. Peter Stein,,,,,,
Dr. Valeriu P. Stancu,Berlin,Dr. Valeriu P. Stancu,,,,,,
Julia Zwink,Berlin,Julia Zwink,,,,,,
Dr. habil. Yvette Bürki,Bern,Dr. habil. Yvette Bürki,,,,,,
Prof. Dr. Benedicte Vauthier,Bern,Prof. Dr. Benedicte Vauthier,,,,,,
Prof. Dr. Elwys De Stefani,Bern,Prof. Dr. Elwys De Stefani,,,,,,
Dr. habil. Katja Ploog,Besancon,Dr. habil. Katja Ploog,,,,,,
Dr. Carolin Patzelt,Bochum,Dr. Carolin Patzelt,,,,,,
Frank Günther-Spohr,Bochum,Frank Günther-Spohr,,,,,,
Ina Riesel,Bochum,Ina Riesel,,,,,,
Prof. Dr. Roger Friedlein,Bochum,Prof. Dr. Roger Friedlein,,,,,,
Silke Neumann,Bochum,Silke Neumann,,,,,,
Dr. Xenia von Tippelskirch,Bochum,Dr. Xenia von Tippelskirch,,,,,,
PD Dr. Ursula Jung,Bochum,PD Dr. Ursula Jung,,,,,,
Daniel  Kallweit,Bochum,Daniel  Kallweit,,,,,,
Maria Piovesana,Bochum,Maria Piovesana,,,,,,
Dr. Marie Guthmueller,Bochum,Dr. Marie Guthmueller,,,,,,
Dr. Marco Thomas Bosshard,Bochum,Dr. Marco Thomas Bosshard,,,,,,
Judith Kittler,Bochum,Judith Kittler,,,,,,
Dirk Brunke,Bochum,Dirk Brunke,,,,,,
Corinna Albert,Bochum,Corinna Albert,,,,,,
Cynthia  Carggiolis Abarza,Bochum,Cynthia  Carggiolis Abarza,,,,,,
Corinna Koch,Bochum,Corinna Koch,,,,,,
Enrico Serena,Bochum,Enrico Serena,,,,,,
Imma Martí,Bochum,Imma Martí,,,,,,
Victoria del Valle,Bochum,Victoria del Valle,,,,,,
Dr. Luca Laurenti Di Biasio,Bolzano,Dr. Luca Laurenti Di Biasio,,,,,,
Claudia Sofie Schmitz,Bonn,Claudia Sofie Schmitz,,,,,,
Prof. Dr. Michael Bernsen,Bonn,Prof. Dr. Michael Bernsen,,,,,,
Dr. Grazyna Bosy,Bonn,Dr. Grazyna Bosy,,,,,,
Dr. Doris Grüter,Bonn,Dr. Doris Grüter,,,,,,
Dr. Marco Menicacci,Bonn,Dr. Marco Menicacci,,,,,,
Sevrine Ketterer,Bonn,Sevrine Ketterer,,,,,,
Milan Herold,Bonn,Milan Herold,,,,,,
Elmar Schmidt,Bonn,Elmar Schmidt,,,,,,
Dr. Claire Block,Bremen,Dr. Claire Block,,,,,,
Dr. Peter W.  Schulze,Bremen,Dr. Peter W.  Schulze,,,,,,
Josefa Díaz,Bremen,Josefa Díaz,,,,,,
Zuzana Pesselová,Bremen,Zuzana Pesselová,,,,,,
Dr. Trinidad Marín Villora,Breslau,Dr. Trinidad Marín Villora,,,,,,
Dr. habil. Günter Berghaus,Bristol,Dr. habil. Günter Berghaus,,,,,,
Prof. Dr. Wendy Ayres-Bennett,Cambridge,Prof. Dr. Wendy Ayres-Bennett,,,,,,
Dr. May  Bletz,Canada,Dr. May  Bletz,,,,,,
Dr. Tilmann Altenberg,Cardiff,Dr. Tilmann Altenberg,,,,,,
Dr. Kim Schulte,Castellon de la Plana,Dr. Kim Schulte,,,,,,
Martin Bauch,Chemnitz,Martin Bauch,,,,,,
Prof. Dr. Teresa Pinheiro,Chemnitz,Prof. Dr. Teresa Pinheiro,,,,,,
Corinne Bayerl,Chicago,Corinne Bayerl,,,,,,
Prof. Dr. Kay Gonzalez-Vilbazo,Chicago,Prof. Dr. Kay Gonzalez-Vilbazo,,,,,,
Prof. Dr. M. Carmen Balbuena Torezano,Cordoba,Prof. Dr. M. Carmen Balbuena Torezano,,,,,,
Cristina Cabrera,Deutschland,Cristina Cabrera,,,,,,
Rebecca Aschenberg,Deutschland,Rebecca Aschenberg,,,,,,
Estella Llorente,Deutschland,Estella Llorente,,,,,,
Academics.de www.academics.de,Deutschland,Academics.de www.academics.de,,,,,,
Ana Maria Ferri,Deutschland,Ana Maria Ferri,,,,,,
Redaktion romanistik.de,Deutschland,Redaktion romanistik.de,,,,,,
Nadine Alexander,Deutschland,Nadine Alexander,,,,,,
Rocio Cano,Deutschland,Rocio Cano,,,,,,
Frank-Michael Weiß,Deutschland,Frank-Michael Weiß,,,,,,
María Arribas,Deutschland,María Arribas,,,,,,
Prof. Dr. Raymund Wilhelm,Deutschland,Prof. Dr. Raymund Wilhelm,,,,,,
Dr. Anne Wigger,Deutschland,Dr. Anne Wigger,,,,,,
Robert Beck,Deutschland,Robert Beck,,,,,,
Géraldine Desmarchelier,Deutschland,Géraldine Desmarchelier,,,,,,
Sekretariat  Fremdsprachendidaktiken,Deutschland,Sekretariat  Fremdsprachendidaktiken,,,,,,
Virginie Ransinan,Deutschland,Virginie Ransinan,,,,,,
Silvia Eunice Gutiérrez De la Torre,Deutschland,Silvia Eunice Gutiérrez De la Torre,,,,,,
Susanne Zieglmeier,Deutschland,Susanne Zieglmeier,,,,,,
Caterina Sala,Deutschland,Caterina Sala,,,,,,
Dr. Patricia Bigdely,Deutschland,Dr. Patricia Bigdely,,,,,,
Laura Bally,Deutschland,Laura Bally,,,,,,
Dr. Lidia Cámara,Deutschland,Dr. Lidia Cámara,,,,,,
Madalina Simona  Schwarz,Deutschland,Madalina Simona  Schwarz,,,,,,
Cornelius Griep,Deutschland,Cornelius Griep,,,,,,
Julie  Behrman Ortegon,Deutschland,Julie  Behrman Ortegon,,,,,,
Elena Avrasina,Deutschland,Elena Avrasina,,,,,,
Andrea  Wurdak,Deutschland,Andrea  Wurdak,,,,,,
Haimo  Stiemer,Deutschland,Haimo  Stiemer,,,,,,
Prof. Dr. Roswitha Böhm,Dresden,Prof. Dr. Roswitha Böhm,,,,,,
Dr. Yasmin  Temelli,Düsseldorf,Dr. Yasmin  Temelli,,,,,,
Dorothea Kraus,Eichstätt,Dorothea Kraus,,,,,,
Prof. Dr. Jörg Dünne,Erfurt,Prof. Dr. Jörg Dünne,,,,,,
Dr. Monica Biasiolo,Erlangen,Dr. Monica Biasiolo,,,,,,
Prof. Dr. Andrea Pagni,Erlangen,Prof. Dr. Andrea Pagni,,,,,,
Cecile Croze,Essen,Cecile Croze,,,,,,
Prof. Dr. Dietmar Osthus,Essen,Prof. Dr. Dietmar Osthus,,,,,,
Prof. Dr. Daniel Reimann,Essen,Prof. Dr. Daniel Reimann,,,,,,
Andrea  Gremels,Frankfurt,Andrea  Gremels,,,,,,
Dr. Kathrina Reschka,Frankfurt,Dr. Kathrina Reschka,,,,,,
Anna-Christine Weirich,Frankfurt,Anna-Christine Weirich,,,,,,
Dr. Regina Schleicher,Frankfurt,Dr. Regina Schleicher,,,,,,
Dr. Jochen Strathmann,Frankfurt,Dr. Jochen Strathmann,,,,,,
Tobias Berneiser,Frankfurt,Tobias Berneiser,,,,,,
Maurella Carbone,Frankfurt,Maurella Carbone,,,,,,
Maria Amelina,Frankfurt,Maria Amelina,,,,,,
Tatjana  Leichsering,Frankfurt,Tatjana  Leichsering,,,,,,
Dr. Ingo Feldhausen,Frankfurt,Dr. Ingo Feldhausen,,,,,,
Beatrice Vervuert,Frankfurt,Beatrice Vervuert,,,,,,
Katja Priebe,Frankfurt,Katja Priebe,,,,,,
Dr. Sophie  Bertho,Freiburg,Dr. Sophie  Bertho,,,,,,
Prof. Dr. Isabelle Mordellet-Roggenbuck,Freiburg,Prof. Dr. Isabelle Mordellet-Roggenbuck,,,,,,
Luminita Trasca,Freiburg,Luminita Trasca,,,,,,
Dr. Claus D. Pusch,Freiburg,Dr. Claus D. Pusch,,,,,,
Mario Willersinn,Freiburg,Mario Willersinn,,,,,,
Prof. Dr. Rita  De Maeseneer,Gent,Prof. Dr. Rita  De Maeseneer,,,,,,
Dr. Doris Bachmann-Medick,Gießen,Dr. Doris Bachmann-Medick,,,,,,
Anna  Wörsdörfer,Gießen,Anna  Wörsdörfer,,,,,,
Dr. Christian Grünnagel,Gießen,Dr. Christian Grünnagel,,,,,,
Dr. Henriette  Partzsch,Glasgow,Dr. Henriette  Partzsch,,,,,,
Markus Breitbarth,Göttingen,Markus Breitbarth,,,,,,
Frank Savelsberg,Göttingen,Frank Savelsberg,,,,,,
 Ximena Ordónez ,Göttingen, Ximena Ordónez ,,,,,,
Ines Hansen,Göttingen,Ines Hansen,,,,,,
Dr. Luca Melchior,Graz,Dr. Luca Melchior,,,,,,
Andreea Csibi,Graz,Andreea Csibi,,,,,,
Isabel Azevedo,Graz,Isabel Azevedo,,,,,,
Dr. Rita Rieger,Graz,Dr. Rita Rieger,,,,,,
Dr. Fausto De Michele,Graz,Dr. Fausto De Michele,,,,,,
Dr. Andrea Berger,Graz,Dr. Andrea Berger,,,,,,
Dr. Simona Bartoli Kucher,Graz,Dr. Simona Bartoli Kucher,,,,,,
Dr. António  Dinis,Graz,Dr. António  Dinis,,,,,,
Stefanie Voigt,Groningen,Stefanie Voigt,,,,,,
Dr. Irma Susana Carbajal Vaca,Guadalajara,Dr. Irma Susana Carbajal Vaca,,,,,,
Dr. Aurélie Barjonet,Guyancourt,Dr. Aurélie Barjonet,,,,,,
Prof. Dr. Thomas Bremer,Halle,Prof. Dr. Thomas Bremer,,,,,,
Prof. Dr. Eva Leitzke-Ungerer,Halle,Prof. Dr. Eva Leitzke-Ungerer,,,,,,
Ida Danciu,Hamburg,Ida Danciu,,,,,,
Christian Beermann,Hamburg,Christian Beermann,,,,,,
Dr. Ebba Durstewitz,Hamburg,Dr. Ebba Durstewitz,,,,,,
Prof. Dr. Christoph Gabriel,Hamburg,Prof. Dr. Christoph Gabriel,,,,,,
Johannes Kambylis,Hamburg,Johannes Kambylis,,,,,,
Prof. Dr. Marcus Bär,Hamburg,Prof. Dr. Marcus Bär,,,,,,
Dr. Marc-Olivier Hinzelin,Hamburg,Dr. Marc-Olivier Hinzelin,,,,,,
Julia Borst,Hamburg,Julia Borst,,,,,,
Iván Allende,Hamburg,Iván Allende,,,,,,
Prof. Dr. Lidia  Becker,Hannover,Prof. Dr. Lidia  Becker,,,,,,
Dr. Arlety Góngora,Havana,Dr. Arlety Góngora,,,,,,
Dr. Giulia Pelillo,Heidelberg,Dr. Giulia Pelillo,,,,,,
Prof. Dr. Vittoria  Borsò,Heidelberg,Prof. Dr. Vittoria  Borsò,,,,,,
Cosima Stawenow,Heidelberg,Cosima Stawenow,,,,,,
Eva Maria Loos,Heidelberg,Eva Maria Loos,,,,,,
Denis Zh,Heidelberg,Denis Zh,,,,,,
Inés Recio Fernández,Heidelberg,Inés Recio Fernández,,,,,,
Dr. Stephen Dörr,Heidelberg,Dr. Stephen Dörr,,,,,,
Anne Sommer,Heidelberg,Anne Sommer,,,,,,
Dr. Stéfanie Witzigmann,Heidelberg,Dr. Stéfanie Witzigmann,,,,,,
Dr. Daniela Pietrini,Heidelberg,Dr. Daniela Pietrini,,,,,,
Dr. Viktoria Adam,Heidelberg,Dr. Viktoria Adam,,,,,,
Prof. Dr. Gerhard  Poppenberg,Heidelberg,Prof. Dr. Gerhard  Poppenberg,,,,,,
PD Dr. Caroline Lüderssen,Heidelberg,PD Dr. Caroline Lüderssen,,,,,,
Ruth Katharina Kopp,Heidelberg,Ruth Katharina Kopp,,,,,,
Sandra Rudman,Heidelberg,Sandra Rudman,,,,,,
Prof. Dr. Kirsten  Mahlke,Heidelberg,Prof. Dr. Kirsten  Mahlke,,,,,,
Prof. Dr. Margarita Borreguero,Heidelberg,Prof. Dr. Margarita Borreguero,,,,,,
Wiebke Beushausen,Heidelberg,Wiebke Beushausen,,,,,,
Dr. Anne Brüske,Heidelberg,Dr. Anne Brüske,,,,,,
Sylvia Rexing,Heidelberg,Sylvia Rexing,,,,,,
Helmut Ullrich,Heidelberg,Helmut Ullrich,,,,,,
Prof. Dr. Oscar Loureda,Heidelberg,Prof. Dr. Oscar Loureda,,,,,,
Karen Saban,Heidelberg,Karen Saban,,,,,,
Dr. Laura Biella,Heidelberg,Dr. Laura Biella,,,,,,
Ana-Sofia Commichau,Heidelberg,Ana-Sofia Commichau,,,,,,
Prof. Dr. Bettina Kluge,Hildesheim,Prof. Dr. Bettina Kluge,,,,,,
Spanische ArbeitsmigrantInnen in Niedersachsen,Hildesheim,Spanische ArbeitsmigrantInnen in Niedersachsen,,,,,,
Prof. Dr. Andrei Corbea-Hoisie,Iasi,Prof. Dr. Andrei Corbea-Hoisie,,,,,,
Prof. Dr. Ursula Mathis-Moser,Innsbruck,Prof. Dr. Ursula Mathis-Moser,,,,,,
Prof. Dr. Birgit Mertz-Baumgartner,Innsbruck,Prof. Dr. Birgit Mertz-Baumgartner,,,,,,
Dr. Angelo Pagliardini,Innsbruck,Dr. Angelo Pagliardini,,,,,,
Julia Pümpel,Innsbruck,Julia Pümpel,,,,,,
Dr. Daniel Winkler,Innsbruck,Dr. Daniel Winkler,,,,,,
PD Dr. Gerhild Fuchs,Innsbruck,PD Dr. Gerhild Fuchs,,,,,,
Prof. Dr. Heidi Siller-Runggaldier,Innsbruck,Prof. Dr. Heidi Siller-Runggaldier,,,,,,
Dr. Julia Pröll,Innsbruck,Dr. Julia Pröll,,,,,,
Martina Albrich,Innsbruck,Martina Albrich,,,,,,
Prof. Dr. Eva Lavric,Innsbruck,Prof. Dr. Eva Lavric,,,,,,
Erica Autelli,Innsbruck,Erica Autelli,,,,,,
Dr. Carmen Konzett,Innsbruck,Dr. Carmen Konzett,,,,,,
Dr. Christine Konecny,Innsbruck,Dr. Christine Konecny,,,,,,
Dr. Oriana Ferraguzzi,Italien,Dr. Oriana Ferraguzzi,,,,,,
Jan Casalicchio,Italien,Jan Casalicchio,,,,,,
Dr. Holger Wochele,Jena,Dr. Holger Wochele,,,,,,
Prof. Dr. Rainer Schlösser,Jena,Prof. Dr. Rainer Schlösser,,,,,,
Annika  Mayer,Kassel,Annika  Mayer,,,,,,
Dr. Patrick Eser,Kassel,Dr. Patrick Eser,,,,,,
Julia Anslik,Kiel,Julia Anslik,,,,,,
Julia Engels,Kiel,Julia Engels,,,,,,
Dr. Francesca Bravi,Kiel,Dr. Francesca Bravi,,,,,,
Prof. Dr. Elmar Eggert,Kiel,Prof. Dr. Elmar Eggert,,,,,,
Prof. Dr. Raymund Wilhelm,Klagenfurt,Prof. Dr. Raymund Wilhelm,,,,,,
Prof. Dr. Kirsten Dickhaut,Koblenz,Prof. Dr. Kirsten Dickhaut,,,,,,
Dr. Sascha Diwersy,Köln,Dr. Sascha Diwersy,,,,,,
Benjamin Loy,Köln,Benjamin Loy,,,,,,
Dr. Matthias Bürgel,Köln,Dr. Matthias Bürgel,,,,,,
Ursula Arning,Köln,Ursula Arning,,,,,,
Marcos Zampieri,Köln,Marcos Zampieri,,,,,,
Dr. Danielle  Dahan-Feucht,Konstanz,Dr. Danielle  Dahan-Feucht,,,,,,
PD Dr. Niklas Bender,Landau,PD Dr. Niklas Bender,,,,,,
Dr. Heidrun Witte,Las Palmas de Gran Canaria,Dr. Heidrun Witte,,,,,,
Sara Bernechea,Lausanne,Sara Bernechea,,,,,,
Noémie Chardonnens,Lausanne,Noémie Chardonnens,,,,,,
Dr. Gabriela Cordone,Lausanne,Dr. Gabriela Cordone,,,,,,
Dr. Tanja Schwan,Leipzig,Dr. Tanja Schwan,,,,,,
Katharina Funke,Leipzig,Katharina Funke,,,,,,
Prof. Dr. Elisabeth Burr,Leipzig,Prof. Dr. Elisabeth Burr,,,,,,
Julia Burkhardt,Leipzig,Julia Burkhardt,,,,,,
Dr. Fernando Ramos Arenas,Leipzig,Dr. Fernando Ramos Arenas,,,,,,
Neuere Publikationen:,Leipzig,Neuere Publikationen:,,,,,,
Prof. Dr. Alfonso de Toro,Leipzig,Prof. Dr. Alfonso de Toro,,,,,,
Dr. Reindert Dhondt,Leuven,Dr. Reindert Dhondt,,,,,,
Dr. Álvaro Ceballos Viro,Liège,Dr. Álvaro Ceballos Viro,,,,,,
Dr. Ofelia Huamanchumo de la Cuba,Lima,Dr. Ofelia Huamanchumo de la Cuba,,,,,,
PD Dr. Ana Monica Fonseca,Lisbon,PD Dr. Ana Monica Fonseca,,,,,,
Dr. Simone Ventura,London,Dr. Simone Ventura,,,,,,
Prof. Dr. Gudrun Ziegler,Luxemburg,Prof. Dr. Gudrun Ziegler,,,,,,
Katrin Ziegler,Macerata,Katrin Ziegler,,,,,,
Dr. Laura De Simone,Madrid,Dr. Laura De Simone,,,,,,
Dr. José Carlos  Huisa Téllez,Mainz,Dr. José Carlos  Huisa Téllez,,,,,,
Frédéric Nicolosi,Mainz,Frédéric Nicolosi,,,,,,
Dr. Robert Lukenda,Mainz,Dr. Robert Lukenda,,,,,,
Prof. Dr. Barbara Wehr,Mainz,Prof. Dr. Barbara Wehr,,,,,,
Dr. Marcel Vejmelka,Mainz,Dr. Marcel Vejmelka,,,,,,
Dr. Timo  Obergöker,Mainz,Dr. Timo  Obergöker,,,,,,
Alessandra  Matrone,Mainz,Alessandra  Matrone,,,,,,
Prof. Dr. Sylvia  Thiele,Mainz,Prof. Dr. Sylvia  Thiele,,,,,,
Dr. Caroline Mannweiler,Mainz,Dr. Caroline Mannweiler,,,,,,
Prof. Dr. Martina  Schrader-Kniffki,Mainz,Prof. Dr. Martina  Schrader-Kniffki,,,,,,
Prof. Dr. Johannes Angermüller,Mainz,Prof. Dr. Johannes Angermüller,,,,,,
Lisa Zeller,Mainz,Lisa Zeller,,,,,,
Dr. Irene M. Weiss,Mainz,Dr. Irene M. Weiss,,,,,,
Marina-Rafaela Buch,Mainz,Marina-Rafaela Buch,,,,,,
Prof. Dr. Véronique Porra,Mainz,Prof. Dr. Véronique Porra,,,,,,
Vanessa Schlüter,Mainz,Vanessa Schlüter,,,,,,
Tobias Röhl,Mainz,Tobias Röhl,,,,,,
Lisa Zeller,Mainz,Lisa Zeller,,,,,,
Prof. Dr. Dietrich Scholler,Mainz,Prof. Dr. Dietrich Scholler,,,,,,
PD Dr. Kristin Reinke,Mainz,PD Dr. Kristin Reinke,,,,,,
Jasmin Marjam Rezai Dubiel,Mainz,Jasmin Marjam Rezai Dubiel,,,,,,
Prof. Dr. Benjamin Lucas Meisnitzer,Mainz,Prof. Dr. Benjamin Lucas Meisnitzer,,,,,,
Dr. Daron Burrows,Manchester,Dr. Daron Burrows,,,,,,
Julia Wittemann,Mannheim,Julia Wittemann,,,,,,
Dr. Amina  Kropp,Mannheim,Dr. Amina  Kropp,,,,,,
PD Dr. Gabriele Birken-Silverman,Mannheim,PD Dr. Gabriele Birken-Silverman,,,,,,
Raphaela Braun,Marburg,Raphaela Braun,,,,,,
Carlos Collado Seidel,Marburg,Carlos Collado Seidel,,,,,,
Daniela Bister,Marburg,Daniela Bister,,,,,,
Prof. Dr. Helene Blondeau,Miami,Prof. Dr. Helene Blondeau,,,,,,
Aline Willems,Montréal,Aline Willems,,,,,,
Carolina  Spiegel,München,Carolina  Spiegel,,,,,,
PD Dr. Aurelia Merlan,München,PD Dr. Aurelia Merlan,,,,,,
Alexander Kagerer,München,Alexander Kagerer,,,,,,
PD Dr. Lars Schneider,München,PD Dr. Lars Schneider,,,,,,
Stefanie Bollmann,Münster,Stefanie Bollmann,,,,,,
Dr. Martin Baxmeyer,Münster,Dr. Martin Baxmeyer,,,,,,
Sekretariat der Spanischen Abteilung,Münster,Sekretariat der Spanischen Abteilung,,,,,,
PD Dr. Karin Becker,Münster,PD Dr. Karin Becker,,,,,,
Bastienne Schulz  ,Nancy,Bastienne Schulz  ,,,,,,
Dr. Diego Bertelli,New Haven,Dr. Diego Bertelli,,,,,,
Dr. Annette Clamor,Osnabrück,Dr. Annette Clamor,,,,,,
Prof. Dr. Wolfgang Asholt,Osnabrück,Prof. Dr. Wolfgang Asholt,,,,,,
Prof. Dr. Christoph Bürgel,Osnabrück,Prof. Dr. Christoph Bürgel,,,,,,
Prof. Dr. Jörn  Steigerwald,Paderborn,Prof. Dr. Jörn  Steigerwald,,,,,,
Tanja Bollow,Paderborn,Tanja Bollow,,,,,,
Dr. Hendrik Schlieper,Paderborn,Dr. Hendrik Schlieper,,,,,,
Fabienne Detoc,Paderborn,Fabienne Detoc,,,,,,
Ulrike  Pfeifer,Palma de Mallorca,Ulrike  Pfeifer,,,,,,
Dr. Ralph Winter,Paris,Dr. Ralph Winter,,,,,,
Anne Seitz,Paris,Anne Seitz,,,,,,
Apl. Prof. Jalouneix Catherine,Paris,Apl. Prof. Jalouneix Catherine,,,,,,
Dr. Susannah  Ellis,Paris,Dr. Susannah  Ellis,,,,,,
Dr. Elina Absalyamova,Paris,Dr. Elina Absalyamova,,,,,,
Dr. Anna-Sophia Buck,Paris,Dr. Anna-Sophia Buck,,,,,,
Alexander Gropper,Passau,Alexander Gropper,,,,,,
Dr. Magdalena Mancas,Passau,Dr. Magdalena Mancas,,,,,,
Dr. Marion Kühn,Passau,Dr. Marion Kühn,,,,,,
Dr. Birgit  Aka,Passau,Dr. Birgit  Aka,,,,,,
Prof. Dr. Ursula  Reutner,Passau,Prof. Dr. Ursula  Reutner,,,,,,
PD Dr. Lydia  Bauer,Potsdam,PD Dr. Lydia  Bauer,,,,,,
Antonio  Barquero,Potsdam,Antonio  Barquero,,,,,,
Tobias Kraft,Potsdam,Tobias Kraft,,,,,,
Prof. Dr. Gerda Haßler,Potsdam,Prof. Dr. Gerda Haßler,,,,,,
Dr. Anne Kraume,Potsdam,Dr. Anne Kraume,,,,,,
Daniel Dengler,Regensburg,Daniel Dengler,,,,,,
Dr. Marina Ortrud M. Hertrampf,Regensburg,Dr. Marina Ortrud M. Hertrampf,,,,,,
Prof. Dr. Isabella von Treskow,Regensburg,Prof. Dr. Isabella von Treskow,,,,,,
Dr. Simona Fabellini,Regensburg,Dr. Simona Fabellini,,,,,,
PD Dr. Annette  Endruschat,Regensburg,PD Dr. Annette  Endruschat,,,,,,
Dr. Dagmar Schmelzer,Regensburg,Dr. Dagmar Schmelzer,,,,,,
Julia Blandfort,Regensburg,Julia Blandfort,,,,,,
Kathrin Kraller,Regensburg,Kathrin Kraller,,,,,,
Jonas Hock,Regensburg,Jonas Hock,,,,,,
Dr. Elisa De Roberto,Roma,Dr. Elisa De Roberto,,,,,,
Prof. Dr. Juergen Schmidt-Radefeldt,Rostock,Prof. Dr. Juergen Schmidt-Radefeldt,,,,,,
Prof. Dr. Albrecht  Buschmann,Rostock,Prof. Dr. Albrecht  Buschmann,,,,,,
Christoph  Behrens,Rostock,Christoph  Behrens,,,,,,
Prof. Dr. Rafael Arnold,Rostock,Prof. Dr. Rafael Arnold,,,,,,
Stefan Serafin,Rostock,Stefan Serafin,,,,,,
Prof. Dr. Juergen Schmidt-Radefeldt,Rostock,Prof. Dr. Juergen Schmidt-Radefeldt,,,,,,
Fanny Romoth,Rostock,Fanny Romoth,,,,,,
Carla Amado,Saarbrücken,Carla Amado,,,,,,
Dr. Sabine Narr,Saarbrücken,Dr. Sabine Narr,,,,,,
Prof. Dr. Hans-Jürgen Lüsebrink,Saarbrücken,Prof. Dr. Hans-Jürgen Lüsebrink,,,,,,
Nicholas Williams,Saarbrücken,Nicholas Williams,,,,,,
Christian Schweizer,Saarbrücken,Christian Schweizer,,,,,,
Juan Pedro Rojas Pichardo,Saarbrücken,Juan Pedro Rojas Pichardo,,,,,,
Dr. Jeanne Ruffing,Saarbrücken,Dr. Jeanne Ruffing,,,,,,
Dr. Maria Hegner,Saarbrücken,Dr. Maria Hegner,,,,,,
Prof. Dr. Christiane  Solte-Gresser,Saarbrücken,Prof. Dr. Christiane  Solte-Gresser,,,,,,
Vesna  Stirnadel,Saarbrücken,Vesna  Stirnadel,,,,,,
Dr. Virginie Geisler,Saarbrücken,Dr. Virginie Geisler,,,,,,
Dr. Laura Sergo,Saarbrücken,Dr. Laura Sergo,,,,,,
Prof. Dr. Christoph Vatter,Saarbrücken,Prof. Dr. Christoph Vatter,,,,,,
Prof. Dr. Hans-Jürgen Lüsebrink,Saarbrücken,Prof. Dr. Hans-Jürgen Lüsebrink,,,,,,
Dr. Markus Ebenhoch,Salzburg,Dr. Markus Ebenhoch,,,,,,
Prof. Dr. Gudrun Bachleitner-Held,Salzburg,Prof. Dr. Gudrun Bachleitner-Held,,,,,,
Anne Wolfsgruber,Salzburg,Anne Wolfsgruber,,,,,,
Dr. Johanna  Wolf,Salzburg,Dr. Johanna  Wolf,,,,,,
Dr. Juliana  Perez,Sao Paolo,Dr. Juliana  Perez,,,,,,
Dr. Maribel Cedeño Rojas,Siegen,Dr. Maribel Cedeño Rojas,,,,,,
Prof. Dr. Christian  von Tschilschke,Siegen,Prof. Dr. Christian  von Tschilschke,,,,,,
Prof. Dr. Antonella Benucci,Siena,Prof. Dr. Antonella Benucci,,,,,,
Prof. Dr. Henry Thorau,Trier,Prof. Dr. Henry Thorau,,,,,,
Prof. Dr. Andre Klump,Trier,Prof. Dr. Andre Klump,,,,,,
Reinhard Berron,Tübingen,Reinhard Berron,,,,,,
Dr. Laurentius Pop,Tübingen,Dr. Laurentius Pop,,,,,,
Dr. Rada Bieberstein,Tübingen,Dr. Rada Bieberstein,,,,,,
Serena Bartali,Tübingen,Serena Bartali,,,,,,
Christoph Maria Sanders,Tübingen,Christoph Maria Sanders,,,,,,
Dr. habil. Ferran Robles Sabater,Valencia,Dr. habil. Ferran Robles Sabater,,,,,,
Prof. Dr. Giuliana Giusti,Venezia,Prof. Dr. Giuliana Giusti,,,,,,
Dr. Esther Gimeno Ugalde,Wien,Dr. Esther Gimeno Ugalde,,,,,,
Prof. Dr. Gualtiero Boaglio,Wien,Prof. Dr. Gualtiero Boaglio,,,,,,
PD Dr. Margit Thir,Wien,PD Dr. Margit Thir,,,,,,
Dr. Max  Doppelbauer,Wien,Dr. Max  Doppelbauer,,,,,,
Dr. Sonja Kral,Wien,Dr. Sonja Kral,,,,,,
Dr. Marina Corrêa,Wien,Dr. Marina Corrêa,,,,,,
Dr. Laia Arnaus Gil,Wuppertal,Dr. Laia Arnaus Gil,,,,,,
Berit Callsen,Würzburg,Berit Callsen,,,,,,
Robert  Hesselbach,Würzburg,Robert  Hesselbach,,,,,,
Prof. Dr. Brigitte Burrichter,Würzburg,Prof. Dr. Brigitte Burrichter,,,,,,
Julien Bobineau,Würzburg,Julien Bobineau,,,,,,
Dr. Christof Schöch,Würzburg,Dr. Christof Schöch,,,,,,
Reto Zöllner,Zürich,Reto Zöllner,,,,,,
Prof. Dr. Johannes Kabatek,Zürich,Prof. Dr. Johannes Kabatek,,,,,,
Julie Dekens,Zürich,Julie Dekens,,,,,,
Dr. Inka Wissner,Zürich,Dr. Inka Wissner,,,,,,
Prof. Dr. Thomas Johnen,Zwickau,Prof. Dr. Thomas Johnen,,,,,,
