Name,website,univ--address
Dr. Monica Biasiolo,##NA##,Friedrich-Alexander-Universität Erlangen-Nürnberg --  Bismarckstr.  1a 91054 Erlangen Deutschland 
Nicola Biskup-Breitenfeld,##NA##,##NA## -- ##NA##
Stefanie Bollmann,##NA##,Westfälische Wilhelms-Universität Münster --  Deutschland 
Amor Ayala,##NA##,##NA## --   Berlin Deutschland 
Louise Dietrich,##NA##,##NA## -- ##NA##
Isabelle Kross,##NA##,##NA## -- ##NA##
Carla Amado,##NA##,Universität des Saarlandes --  Deutschland 
Steffen Heidinger,##NA##,##NA## -- ##NA##
Dr. Elena Castroviejo,##NA##,##NA## -- ##NA##
Dr. Luca Melchior,http://www.uni-graz.at/luca.melchior/,Karl-Franzens-Universität Graz --  Merangasse 70/III 8010 Graz Österreich 
Prof. Dr. Annette Gerstenberg,##NA##,Freie Universität Berlin --  Habelschwerdter Allee 45 14195 Berlin Deutschland 
Katrin Berty,##NA##,##NA## -- ##NA##
Osvaldo Calle Quiñonez,##NA##,##NA## -- ##NA##
Dr. Maribel Cedeño Rojas,http://www.uni-siegen.de/phil/romanistik/mitarbeiter/cedeno_maribel/index.html?lang=de,Universität Siegen --  Adolf-Reichwein-Straße 2 57076 Siegen Deutschland 
Dr. Giulia Pelillo,http://www.uni-heidelberg.de/rose/personen/pelillo.html,Ruprecht-Karls-Universität Heidelberg --   Heidelberg Deutschland 
Raphaela Braun,http://www.uni-marburg.de/fb09/ndl/personal/braunr/index_html,Philipps-Universität Marburg --  Deutschland 
Fabian Lehmann,##NA##,##NA## -- ##NA##
Dr. José Carlos  Huisa Téllez,##NA##,Johannes Gutenberg-Universität Mainz --  Welder Weg 18 55099 Mainz Deutschland 
Annika  Mayer,##NA##,Universität Kassel --  Kurt-Wolters-Straße  5 34125 Kassel Deutschland 
Dr. Carolin Patzelt,http://www.ruhr-uni-bochum.de/romsem/seminar/personal.htm,Ruhr-Universität Bochum --  Deutschland 
Prof. Dr. Vittoria  Borsò,##NA##,Heinrich-Heine-Universität Düsseldorf --  Deutschland 
Cosima Stawenow,http://www.stawenow-textgrafik.de/,Ruprecht-Karls-Universität Heidelberg --  Seminarstraße 3 69117 Heidelberg Deutschland 
Prof. Dr. Meike Meliss,##NA##,##NA## -- ##NA##
Eva Maria Loos,http://www.uni-heidelberg.de/fakultaeten/neuphil/iask/sued/seminar/abteilungen/spanisch/profil_loos.html,Ruprecht-Karls-Universität Heidelberg --  Seminarstr.  3 69117 Heidelberg Deutschland 
Dr. Claire Block,##NA##,Universität Bremen --  Deutschland 
Prof. Dr. Anja  Bandau,www.lai.fu-berlin.de/homepages/bandau/index.html,Freie Universität Berlin --   Berlin Deutschland 
Rocío Agar Marco,http://hpsl-linguistics.org/laufende-promotionsprojekte&projekt=196,Universität Basel --  Maiengasse 51 4056 Basel Schweiz 
Claudia Sofie Schmitz,http://www.romanistik.uni-bonn.de/die-bonner-romanistik/lehrende/claudia-schmitz,Rheinische Friedrich-Wilhelms-Universität Bonn --  Am Hof 1 53113 Bonn Deutschland 
Frédéric Nicolosi,##NA##,Johannes-Gutenberg-Universität Mainz --  Deutschland 
Lea Akkermann,##NA##,##NA## -- ##NA##
Britta Quisbrok,##NA##,##NA## -- ##NA##
Jenny Augustin,##NA##,##NA## -- ##NA##
Meryem Icin,##NA##,##NA## -- ##NA##
Katharina Fürholzer,##NA##,##NA## -- ##NA##
Dr. Peter W.  Schulze,	http://www.fb10.uni-bremen.de/lehrpersonal/schulze.aspx,"	Universität Bremen / Romanistik --  Bibliothekstraße 1, Gebäude GW 2 Raum B 3410  28359 Bremen Deutschland "
Prof. Dr. Michael Bernsen,http://www.romanistik.uni-bonn.de/die-bonner-romanistik/lehrende/prof.-dr.-michael-bernsen-1,Rheinische Friedrich-Wilhelms-Universität Bonn --   Bonn Deutschland 
Frank Günther-Spohr,www.frank-guenther-spohr.net,Ruhr-Universität Bochum --  Universitätsstraße 150 44801 Bochum Deutschland 
Prof. Dr. Roswitha Böhm,http://tu-dresden.de/die_tu_dresden/fakultaeten/fakultaet_sprach_literatur_und_kulturwissenschaften/romanistik/professuren/boehm,Technische Universität Dresden --  Wiener Straße 48 01219 Dresden Deutschland 
Dr. Tanja Schwan,http://www.uni-leipzig.de/~tanjaschwan/,Universität Leipzig --  Beethovenstr.  15 04107 Leipzig Deutschland 
Kamila Meyer,##NA##,##NA## -- ##NA##
Dr. Sabine Narr,http://www.romanistik.uni-saarland.de/de/oster-stierle/lehrstuhl/narr-leute.html,Universität des Saarlandes --  Postfach 15 11 50  66041  Saarbrücken Deutschland 
valentina De Pascale,##NA##,##NA## -- ##NA##
Julia Anslik,http://www.romanistik.uni-kiel.de/rs_pers_la.htm,Christian-Albrechts-Universität zu Kiel --   Kiel Deutschland 
Dr. Maria Lacueva i Lorenz,##NA##,##NA## -- ##NA##
Daniel Dengler,www.ddengler.com,##NA## --   Regensburg Deutschland 
Dr. Irma Susana Carbajal Vaca,https://sites.google.com/site/susanamyrthe/,Universidad de Guadalajara --  Morelos 191 44100 Guadalajara Mexiko 
Sheila Cano,##NA##,##NA## -- ##NA##
Cristina Cabrera,##NA##,##NA## --  Deutschland 
Dr. Sophie  Bertho,##NA##,Albert-Ludwigs-Universität Freiburg --  Deutschland 
Ina Riesel,http://www.ruhr-uni-bochum.de/slf/org/team/hilfskraefte.html,Ruhr-Universität Bochum --  Deutschland 
Reto Zöllner,##NA##,Universität Zürich --  Zürichbergstrasse 8 8032 Zürich Schweiz 
Dr. habil. Yvette Bürki,##NA##,Universität Bern --  Schweiz 
Markus Breitbarth,##NA##,Universität Göttingen --  38106 Braunschweig Deutschland 
Sonja  Humbel-Pain,##NA##,##NA## -- ##NA##
Prof. Dr. Roger Friedlein,##NA##,Ruhr-Universität Bochum --  Deutschland 
Carlos Collado Seidel,##NA##,Philipps-Universität Marburg --  Wilhelm-Röpke-Str. 6c 35032 Marburg Deutschland 
Dr. Dominic Angeloch,##NA##,##NA## -- ##NA##
Dr. Sascha Diwersy,##NA##,Universität zu Köln --  Deutschland 
Lara Willenberg,##NA##,##NA## -- ##NA##
Carolina  Spiegel,##NA##,Ludwig-Maximilians-Universität München --  Deutschland 
Prof. Dr. Enrique Rodrigues-Moura,http://www.uni-bamberg.de/romlit3/,Otto-Friedrich-Universität Bamberg --  An der Universität 2 96045 Bamberg Deutschland 
Dr. Karl Philipp Ellerbrock,##NA##,##NA## -- ##NA##
Dr. Esther Gimeno Ugalde,http://romanistik.univie.ac.at/personal/universitaetsassistentinnen-vertragsassistentinnen/gimeno-ugalde-esther/,Universität Wien --   Wien Österreich 
Dr. Marina Ortrud M. Hertrampf,http://www.uni-regensburg.de/sprache-literatur-kultur/romanistik/literaturwissenschaft/mitarbeiter-mecke/ortrud-hertrampf/ http://www.phil.uni-passau.de/die-fakultaet/lehrstuehle-professuren/romanistik/landeskunde-frankreich/mitarbeiter/dr-marina-ortrud-h,Universität Regensburg und Universität Passau --  Universitätsstrasse 31 93040  Regensburg  Deutschland 
Prof. Dr. Matei Chihaia,##NA##,##NA## -- ##NA##
Thomas Pfister,##NA##,##NA## -- ##NA##
Christine Irmler,##NA##,##NA## -- ##NA##
Amine Bounaira,##NA##,##NA## -- ##NA##
Andreea Csibi,##NA##,Karl-Franzens-Universität Graz --  Merangasse 70 8010 Graz Österreich 
Ida Danciu,##NA##,Universität Hamburg --  Deutschland 
Prof. Dr. Jens Andermann,##NA##,##NA## -- ##NA##
PD Dr. Edi Zollinger,##NA##,##NA## -- ##NA##
Rebecca Aschenberg,http://iberoamericanalibros.com,Iberoamericana --  Deutschland 
Prof. Dr. Kirsten Dickhaut,http://www.uni-giessen.de/romanistik/frank/KirstenDickhaut.html,Universität Koblenz-Landau --  Deutschland 
Estella Llorente,##NA##,Ibero-Americana --  Deutschland 
Dr. Gerhard Schönberger,##NA##,##NA## -- ##NA##
Dr. Barbara Di Noi,##NA##,##NA## -- ##NA##
Isabel Azevedo,##NA##,Karl-Franzens-Universität --  Merangasse 70/ 3. Stock  8010 Graz Europäische Union 
PD Dr. Aurelia Merlan,http://www.romanistik.uni-muenchen.de/personen/wiss_ma/merlan/index.html,Ludwig-Maximilians-Universität München --   München Deutschland 
Cecile Croze,##NA##,Universität Duisburg- Essen --   Essen Deutschland 
Dr. Holger Wochele,http://www.romanistik.uni-jena.de/?p=9933,Friedrich-Schiller-Universität Jena --  Ernst-Abbe-Platz 8 07743 Jena Deutschland 
Prof. Dr. Hans-Jürgen Lüsebrink,##NA##,Universität des Saarlandes --  Deutschland 
Martin Bauch,##NA##,Technische Universität Chemnitz --  09107 Chemnitz Deutschland 
Dr. Robert Lukenda,##NA##,Johannes-Gutenberg-Universität Mainz --  Deutschland 
Prof. Dr. Rainer Schlösser,##NA##,Friedrich-Schiller-Universität Jena --  Deutschland 
Martina Mohr,##NA##,##NA## -- ##NA##
Academics.de www.academics.de,http://www.academics.de,##NA## --  Deutschland 
Dr. Aouicha Mohr,##NA##,##NA## -- ##NA##
Dr. Annette Clamor,##NA##,Universität Osnabrück --  Deutschland 
Dr. Elisa De Roberto,##NA##,Università Sapienza Roma --  Piazzale Aldo Moro 5  Roma Italien 
Dr. Ralph Winter,http://www.generationengeschichte.uni-goettingen.de/winter.php,Ecole Normale Supérieure --  rue d'Ulm 45 75005 Paris Frankreich 
Simone Baum,http://www.philhist.uni-augsburg.de/lehrstuehle/romanistik/literaturwissenschaft/mitarbeiterinnen/baum/,Universität Augsburg --  Universitätsstraße 10 86159 Augsburg Deutschland 
Concetta Di Biase,##NA##,##NA## -- ##NA##
Prof. Dr. Steven  Dworkin,	http://www.lsa.umich.edu/linguistics/people/faculty/ci.dworkinsteven_ci.detail,"	University of Michigan --  48109-1275 Ann Arbor, Michigan Vereinigte Staaten "
Prof. Dr. Christine Michler,http://www.uni-bamberg.de/romdidaktik/zur_person/,Otto-Friedrich-Universität Bamberg --  Deutschland 
Christian Beermann,##NA##,Universität Hamburg --   Hamburg Deutschland 
Gabi Guadamillas,##NA##,##NA## -- ##NA##
Claudia  Damian,##NA##,##NA## -- ##NA##
Dr. Patrick Eser,##NA##,Universität Kassel --  Deutschland 
Prof. Dr. Vahram Atayan,##NA##,##NA## -- ##NA##
Dorothea Kraus,http://www.ku-eichstaett.de/Fakultaeten/SLF/romanistik,Katholische Universität Eichstätt-Ingolstadt --  Universitätsallee 1 85072 Eichstätt Deutschland 
Prof. Dr. Isabella von Treskow,http://www.uni-regensburg.de/sprache-literatur-kultur/romanistik/literaturwissenschaft/von-treskow/index.html,Universität Regensburg --  93040 Regensburg Deutschland 
Miriam Wittum,##NA##,##NA## -- ##NA##
Felix Tacke,##NA##,##NA## -- ##NA##
Apl. Prof. Georgia Carvace,##NA##,##NA## -- ##NA##
Dr. Laia Arnaus Gil,laia.arnaus.net,Bergische Universität Wuppertal --  Gaußstraße 20 42119 Wuppertal Deutschland 
Roberto Cortés,##NA##,##NA## -- ##NA##
Astrid Wlach,##NA##,##NA## -- ##NA##
Prof. Dr. Rita  De Maeseneer,http://www.ua.ac.be/main.aspx?c=rita.demaeseneer,Universiteit Antwerpen --   Antwerpen Belgien 
Katrin Piene,##NA##,##NA## -- ##NA##
Prof. Dr. Gualtiero Boaglio,##NA##,Universität Wien --  Österreich 
Prof. Dr. Lidia  Becker,http://www.romanistik.phil.uni-hannover.de/lidia_becker.html,Leibniz Universität Hannover --  Deutschland 
Frank Savelsberg,http://www.uni-goettingen.de/de/savelsberg-frank/426839.html,Georg-August-Universität Göttingen --  Humboldtallee 19 37073 Göttingen Deutschland 
Denis Zh,##NA##,Universität Heidelberg --  Deutschland 
Monia Dal Checco,##NA##,##NA## -- ##NA##
Katharina Funke,##NA##,Universität Leipzig --  Deutschland 
Ana Maria Ferri,##NA##,##NA## --  Deutschland 
Dr. Grazyna Bosy,##NA##,Rheinische Friedrich-Wilhelms-Universität Bonn --  Deutschland 
Silke Neumann,##NA##,Ruhr-Universität Bochum --   Bochum Deutschland 
PD Dr. Ana Monica Fonseca,http://iscte.academia.edu/AnaMonicaFonseca,University Institute Lisbon --  Av. Forças Armadas  1649-026  Lisboa Portugal 
Dr. Laura  Campanale,##NA##,##NA## -- ##NA##
Josefa Díaz,www.didrom.uni-bremen.de/diaz_projekt.htm,##NA## --  Deutschland 
Nicholas Williams,http://www.nng.uni-saarland.de/mitarbeiter/williams.htm,Universität des Saarlandes --   Saarbrücken Deutschland 
Christian Schweizer,##NA##,Universität des Saarlandes --  Deutschland 
Dr. Cristina Bianchi,##NA##,##NA## -- ##NA##
Aniela Mikolajczyk,##NA##,##NA## -- ##NA##
Redaktion romanistik.de,##NA##,##NA## --  Deutschland 
Dr. Ebba Durstewitz,##NA##,Universität Hamburg --   Hamburg Deutschland 
Dr. Karin Peters,##NA##,##NA## -- ##NA##
Julia Wuttig,##NA##,##NA## -- ##NA##
Nadine Alexander,http://www.relue-online.de/neu/ueberuns/,ReLü Rezensionszeitschrift zur Literaturübersetzung --  Deutschland 
Dr. Simone Ventura,http://www.sllf.qmul.ac.uk/people/simone-ventura,Queen Mary University of London --  Mile End Road Arts One 209A E1 4NS London Vereinigtes Königreich 
PD Dr. Lydia  Bauer,##NA##,Universität Potsdam --  Deutschland 
Alexander Gropper,##NA##,Universität Passau --  Innstr.  25 94032 Passau Deutschland 
Dr. Volker Jaeckel ,www.letras.ufmg.br,"	Universidade Federal de Minas Gerais --  Av. Pres. Antônio Carlos 6627 31270-901 Belo Horizonte, MG Brasilien "
Prof. Dr. Teresa Pinheiro,http://www.tu-chemnitz.de/phil/europastudien/swandel/pinheiro.php,Technische Universität Chemnitz --  Thüringer Weg 9 09107 Chemnitz Deutschland 
Prof. Dr. Christoph Gabriel,http://www1.uni-hamburg.de/romanistik/personal/w_gabr.html,Universität Hamburg --  Von-Melle-Park 6 20146 Hamburg Deutschland 
Juan Pedro Rojas Pichardo,http://www.romanistik.uni-saarland.de/de/personen.html,Universität des Saarlandes --  Deutschland 
Prof. Dr. Isabelle Mordellet-Roggenbuck,##NA##,PH Freiburg --  Deutschland 
Johannes Kambylis,##NA##,Helmut Buske Verlag --  Richardstr. 47  22081 Hamburg Deutschland 
Dr. Aurélie Barjonet,http://www.chcsc.uvsq.fr/ficheschercheurs/Barjonet/barjonet.html,Centre d'histoire contemporaine des sociétés culturelles --   Guyancourt Frankreich 
Rocio Cano,##NA##,##NA## --  Deutschland 
André Bonilha,##NA##,##NA## -- ##NA##
Dr. Igor Candido,https://fu-berlin.academia.edu/IgorCandido,Freie Universität Berlin --   Berlin Deutschland 
Benjamin Loy,http://romanistik.phil-fak.uni-koeln.de/19142.html?&L=0,Universität zu Köln --  Albertus-Magnus-Platz  50923 Köln Deutschland 
Prof. Dr. Barbara Wehr,##NA##,Johannes-Gutenberg-Universität Mainz --  Deutschland 
Dr. Álvaro Ceballos Viro,##NA##,Université de Liège --  Place Cockerill 3/5 4000 Liège Belgien 
Dr. Xenia von Tippelskirch,http://www.ruhr-uni-bochum.de/ngg/Mitarbeiter/v_tippelskirch.html,Ruhr-Universität Bochum --  Deutschland 
Dr. Martin Baxmeyer,##NA##,Westfälische Wilhelms-Universität Münster --  Deutschland 
Prof. Dr. Dietmar Osthus,http://www.dietmar-osthus.de/,Universität Duisburg-Essen --  Universitätsstr. 2 45117 Essen Deutschland 
Prof. Dr. Tobias Brandenberger,##NA##,##NA## -- ##NA##
Prof. Dr. Dina De Rentiis,http://www.uni-bamberg.de/romlit1/personen/prof-dr-dina-de-rentiis/,Otto-Friedrich Universität Bamberg --  An der Universität 5 96047 Bamberg Deutschland 
Dr. Doris Grüter,http://www.ulb.uni-bonn.de/die-ulb/profil/sondersammelgebiet-romanistik,Rheinische Friedrich-Wilhelms-Universtät Bonn --  Adenauerallee 39-41   53113  Bonn Deutschland 
Inés Recio Fernández,##NA##,Universität Heidelberg --  69117 Heidelberg Deutschland 
Andrea  Gremels,http://www.romanistik.uni-frankfurt.de/mitarbeiter/gremels/index.html,Goethe-Universität Frankfurt am Main --   Frankfurt Deutschland 
Frank-Michael Weiß,##NA##,##NA## --  Deutschland 
Luminita Trasca,http://frequenz.uni-freiburg.de/trasca-projekt,Albert-Ludwigs-Universität Freiburg --  Starkenstraße 44 79104 Freiburg im Breisgau Deutschland 
Dr. Georg Wink,##NA##,Freie Universität Berlin --  Deutschland 
Berit Callsen,##NA##,Julius-Maximilians-Universität Würzburg --  Deutschland 
Carolin Benz,##NA##,##NA## -- ##NA##
Dr. Stephen Dörr,##NA##,Heidelberger Akademie der Wissenschaften --  Seminarstraße 3 69117 Heidelberg Deutschland 
Prof. Dr. Gisela Febel,##NA##,##NA## -- ##NA##
Prof. Dr. Ursula Mathis-Moser,http://www.uibk.ac.at/romanistik/moser.html,Leopold-Franzens-Universität Innsbruck --   Innsbruck Österreich 
Prof. Dr. Christian  von Tschilschke,http://www.uni-siegen.de/fb3/personen/tschilschke_christian_von/?lang=de,Universität Siegen --  Adolf-Reichwein-Straße 2 57068 Siegen Deutschland 
Dr. Marco Menicacci,##NA##,Rheinische Friedrich-Wilhelms-Universität Bonn --  Am Hof 1 53113 Bonn Deutschland 
Antonio  Barquero,http://www.uni-potsdam.de/romanistik/neis/barquero.html,Universität Potsdam --  Deutschland 
Matthias Wolny,##NA##,##NA## -- ##NA##
Dr. Kathrina Reschka,##NA##,Goethe Universität Frankfurt --  Grüneburgplatz 1 60629 Frankfurt am Main Deutschland 
Prof. Dr. Birgit Mertz-Baumgartner,##NA##,Universität Innsbruck --  Österreich 
Emika Bartodziej,##NA##,##NA## -- ##NA##
Prof. Dr. M. Carmen Balbuena Torezano,http://www.uco.es/organiza/centros/filosofia/dinamica/index.php/profesor/ficha/lr1batom,Universidad de Córdoba --  Plaza del Cardenal Salazar  s/n 14071 Córdoba Spanien 
Dr. Marcel Vejmelka,http://vejmelka.wordpress.com/,Johannes-Gutenberg-Universität Mainz --  An der Hochschule 2 76726  Germersheim Deutschland 
Anne Seitz,http://centregeorgsimmel.ehess.fr/anne-seitz/,Ecole des hautes études en sciences sociales --  Frankreich 
Dr. habil. anna paola concu,##NA##,##NA## -- ##NA##
Anne Sommer,##NA##,Ruprecht-Karls-Universität Heidelberg --  Deutschland 
Jennifer Roger,##NA##,##NA## -- ##NA##
Dr. Stéfanie Witzigmann,##NA##,Pädagogische Hochschule Heidelberg --  Deutschland 
PD Dr. Margit Thir,http://romanistik.univie.ac.at/?id=40456,Universität Wien --  Universitätscampus / Garnisongasse 13 / Hof 8 1090 Wien Österreich 
Dr. Simona Fabellini,http://www-cgi.uni-regensburg.de/Fakultaeten/Romanistik/Institut/index.php?id=31,Universität Regensburg --  Universitätsstr.  31  Regensburg Deutschland 
Eva Ares,http://ibero-americana.net,Iberoamericana --  Deutschland 
Dr. Maria Rosaria Compagnone,##NA##,##NA## -- ##NA##
Prof. Dr. Ronald Daus,##NA##,Freie Universität Berlin --  Krohnweg 3 3 14089 Berlin Deutschland 
Dr. Angelo Pagliardini,##NA##,Leopold-Franzens-Universität Innsbruck --  Innrain 52 6020 Innsbruck Österreich 
Dr. Patrick Roesler,http://www.doktor-speak.de/,##NA## --  Biesentaler Str. 20 13359 Berlin Deutschland 
Julius Becker,http://monsieur-becker.de,##NA## --   Berlin Deutschland 
Sara Bernechea,##NA##,Université de Lausanne/ Universidade de Santiago de Compostela --  Schweiz 
Dr. Timo  Obergöker,##NA##,Johannes-Gutenberg-Universität Mainz --  Deutschland 
Prof. Dr. Juergen Schmidt-Radefeldt,https://www.phf.uni-rostock.de/institut/iroman/schmidt-radefeldt.htm,Universität Rostock --  Deutschland 
Alessandra  Matrone,http://www.romanistik.uni-mainz.de/860.php,Johannes-Gutenberg-Universität Mainz --   Mainz Deutschland 
Johannes Brambora,##NA##,##NA## -- ##NA##
Bàrbara Roviró,##NA##,##NA## -- ##NA##
Dr. Jeanne Ruffing,##NA##,Universität des Saarlandes --  Deutschland 
Jenny Brumme,http://www.jennybrumme.com/,Universitat Pompeu Fabra --  Roc Boronat 138 08018 Barcelona Spanien 
PD Dr. Ursula Jung,http://homepage.ruhr-uni-bochum.de/ursula.jung/,Ruhr-Universität Bochum --  Universitätsstr. 150 44801 Bochum Deutschland 
Daniel  Kallweit,http://homepage.ruhr-uni-bochum.de/daniel.kallweit,Ruhr-Universität Bochum --   Bochum Deutschland 
Prof. Dr. Sylvia  Thiele,##NA##,JGU Mainz --  Welderweg  18 55099 Mainz Deutschland 
Francesco Crifo,##NA##,##NA## -- ##NA##
Dr. Rita Rieger,##NA##,Karl-Franzens-Universität Graz --  Merangasse  70 8010 Graz Österreich 
Prof. Dr. Filippo Fonio,##NA##,##NA## -- ##NA##
Prof. Dr. Johannes Kabatek,www.kabatek.de,Universität Zürich --  Zürichbergstr.  8 CH-8032 Zürich Schweiz 
Werner Altmann,##NA##,##NA## -- ##NA##
Dr. Daniela Pietrini,http://www.uni-heidelberg.de/rose/personen/pietrini.html,Ruprecht-Karls-Universität Heidelberg --  Seminarstr. 3 69117 Heidelberg Deutschland 
Prof. Dr. Elisabeth Burr,http://www.uni-leipzig.de/~burr/,Universität Leipzig --  Beethovenstraße 15 04107 Leipzig Deutschland 
Karin  Otte,##NA##,##NA## -- ##NA##
Dr. Konstanze Baron,##NA##,##NA## -- ##NA##
Anna-Christine Weirich,http://www.romanistik.uni-frankfurt.de/mitarbeiter/Weirich/index.html,Goethe-Universität Frankfurt am Main --   Frankfurt Deutschland 
Prof. Dr. Henry Thorau,##NA##,Universität Trier --  Deutschland 
Julie Dekens,http://www.rose.uzh.ch/seminar/personen/dekens.html,Universität Zürich --  Zürichbergstrasse 8 8032 Zürich Schweiz 
Dr. Regina Schleicher,##NA##,Goethe-Universität Frankfurt am Main --  Grüneburgplatz  1 60322 Frankfurt/M. Deutschland 
Ruben Nicotera,##NA##,##NA## -- ##NA##
Dr. Magdalena Mancas,http://www.phil.uni-passau.de/lehrstuehle-und-professuren/prof-dr-manfred-hinz.html,Universität Passau --  Innstraße 25 94032 Passau Deutschland 
Dr. Kristin Eichhorn,##NA##,##NA## -- ##NA##
M Butzheinen,##NA##,##NA## --  Deutschland 
Dr. Florian Schmid,##NA##,##NA## -- ##NA##
Dr. Diego Bertelli ,http://www.yale.edu/italian/people/bertelli.html,"	Yale University --  Wall Street 82-90 06510 New Haven, CT Vereinigte Staaten "
Prof. Dr. Jörn  Steigerwald,http://kw.uni-paderborn.de/institute-einrichtungen/institut-fuer-germanistik-und-vergleichende-literaturwissenschaft/komparatistik/personal/steigerwald/,Universität Paderborn --  Warburger Straße 100 33098 Paderborn Deutschland 
PD Dr. Niklas Bender,http://homepages.uni-tuebingen.de/niklas.bender/,Universität Koblenz-Landau --  Marktstraße 40 76829 Landau Deutschland 
María Arribas,##NA##,##NA## --  Deutschland 
Dr. Caroline Mannweiler,##NA##,Johannes Gutenberg Universität Mainz --  Jakob-Welder-Weg 18 55099 Mainz Deutschland 
Carolina Caballero,##NA##,##NA## -- ##NA##
Dr. Jochen Strathmann,http://www.jochen-strathmann.de,Goethe-Universität Frankfurt am Main --  Deutschland 
Dr. habil. Ferran Robles Sabater,##NA##,Universitat de València --  Blasco Ibáñez 32 46010 Valencia Spanien 
PD Dr. Giovanna D'Aniello,##NA##,Università degli Studi di Bari --  Italien 
Kristina  Beck,##NA##,##NA## -- ##NA##
Anaïs Boelicke,##NA##,##NA## -- ##NA##
Dr. Trinidad Marín Villora,##NA##,##NA## --   Breslau Polen 
Maria Zannini,##NA##,##NA## -- ##NA##
Dr. Claus D. Pusch,http://www.romanistik.uni-freiburg.de/pusch/,Albert-Ludwigs-Universität Freiburg --   Freiburg Deutschland 
Mario Willersinn,http://www.zam-promotionskolleg.uni-freiburg.de/personen/willersinn-mario,Albert-Ludwigs-Universität Freiburg --  Platz der Universität 3 79085  Freiburg Deutschland 
Prof. Dr. William Diaz,##NA##,##NA## -- ##NA##
Prof. Dr. Martina  Schrader-Kniffki,##NA##,Johannes-Gutenberg-Universität Mainz --  An der Hochschule 2 76726 Germersheim Deutschland 
Dr. Gruppuso Caterina,##NA##,##NA## -- ##NA##
Dr. Danielle  Dahan-Feucht,##NA##,Universität Konstanz --  Deutschland 
Prof. Dr. Antonella Benucci,##NA##,Università per Stranieri di Siena --  Italien 
Dr. Viktoria Adam,##NA##,Ruprecht-Karls-Universität Heidelberg --  Seminarstrasse 3 69117 Heidelberg Deutschland 
Kathrin Decker,##NA##,##NA## -- ##NA##
Reinhard Berron,http://www.germ.uni-tuebingen.de/abteilungen/mediaevistik/lehrstuhl-prof-dr-klaus-ridder/mitarbeitende/ma-reinhard-berron.html,Eberhard-Karls-Universität Tübingen --  Deutschland 
Dr. Laurentius Pop,##NA##,Ruprecht-Karls-Universität Heidelberg --  Deutschland 
Carmen Mata Castro,##NA##,##NA## -- ##NA##
Prof. Dr. Marcus Bär,http://www.marcus-baer.eu,Universität Hamburg --  Von-Melle-Park 8 20146 Hamburg Deutschland 
Prof. Dr. Thomas Bremer,##NA##,Universität Halle --  Deutschland 
Apl. Prof. Carlos Balle Blanes,##NA##,##NA## -- ##NA##
Karen Forner,##NA##,##NA## -- ##NA##
Prof. Dr. Johannes Angermüller,http://www.johannes-angermueller.de,Johannes-Gutenberg-Universität Mainz --  Deutschland 
Sabrina Braukmeier,##NA##,##NA## -- ##NA##
Dr. Reindert Dhondt,##NA##,KU Leuven & Universiteit Utrecht --  Belgien 
Universität Münster: Sekretariat der Spanischen Abteilung,##NA##,Westfälische Wilhelms-Universität Münster --  Bispinghof 3a 48143 Münster Deutschland 
Mira Becker,http://www.geisteswissenschaften.fu-berlin.de/we05/institut/mitarbeiter/becker_mira/index.html,Freie Universität Berlin --  Deutschland 
Lisa Zeller,##NA##,Johannes-Gutenberg-Universität Mainz --  Jakob-Welder-Weg 18 55099 Mainz Deutschland 
Dr. Adriana López-Labourdette,##NA##,##NA## -- ##NA##
Lukas Schaefer,##NA##,##NA## -- ##NA##
Robert  Hesselbach,##NA##,Julius-Maximilians-Universität Würzburg --   Würzburg Deutschland 
Prof. Dr. Gerhard  Poppenberg,http://www.uni-heidelberg.de/rose/personen/poppenberg.html,Ruprecht-Karls-Universität Heidelberg --   Heidelberg Deutschland 
Dr. Fausto De Michele,http://www.uni-graz.at/fausto.demichele/site.php?show=1,Karl-Franzens-Universität Graz --   Graz Österreich 
Dr. Irene M. Weiss,##NA##,Johannes Gutenberg Universität  --  Welder Weg 18   55099 Mainz Deutschland 
Sevrine Ketterer,##NA##,Universität Bonn --  Deutschland 
Prof. Dr. Eva Leitzke-Ungerer,http://www.romanistik.uni-halle.de/studienbereiche/romanistische_fachdidaktik/,Martin-Luther-Universität Halle-Wittenberg --  06114 Halle Deutschland 
Dr. May  Bletz,http://www.brocku.ca/hri/associates/bletz.php,Brock University --  Kanada 
Prof. Dr. Bettina Kluge,##NA##,Universität Hildesheim --  Marienburger Straße  22 31141 Hildesheim Deutschland 
Marco Albanese,##NA##,##NA## -- ##NA##
PD Dr. Annette  Endruschat,http://www.philologos.de/philologoi/ade/index.html,Universität Regensburg --  Deutschland 
Prof. Dr. Raymund Wilhelm,##NA##,##NA## --  Deutschland 
Dr. Ricarda Matheus,##NA##,##NA## -- ##NA##
Dr. Markus Ebenhoch,www.uni-salzburg.at/romanistik/ebenhoch,Paris-Lodron-Universität Salzburg --  Erzabt-Klotz-Straße 1 5020 Salzburg Österreich 
PD Dr. Philipp Burdy,##NA##,Otto-Friedrich-Universität Bamberg --  An der Universität  5 96045 Bamberg Deutschland 
Simona Brunetti,##NA##,##NA## -- ##NA##
Dr. Maria Hegner,##NA##,Universität des Saarlandes --  Deutschland 
Prof. Dr. Andrei Corbea-Hoisie,##NA##,Universitatea din Iași --  Rumänien 
Dr. Rada Bieberstein,http://www.uni-tuebingen.de/fakultaeten/philosophische-fakultaet/fachbereiche/philosophie-rhetorik-medien/institut-fuer-medienwissenschaft/personen/dr-r-bieberstein.html,Eberhard-Karls-Universität Tübingen --  Deutschland 
Tobias Berneiser,##NA##,Goethe-Universität Frankfurt am Main --  Deutschland 
PD Dr. Margot Brink,##NA##,Humboldt-Universität zu Berlin --  Deutschland 
PD Dr. Novella Di Nunzio,##NA##,##NA## --  Deutschland 
Julia Pümpel,##NA##,Leopold-Franzens-Universität Innsbruck --  Österreich 
Prof. Dr. Angelica Rieger,www.angelica-rieger.de,Rheinisch-Westfälische Technische Hochschule Aachen --  Kármánstr. 17 52062 Aachen Deutschland 
Dr. Anne Wigger,www.ibero-americana.net,Iberoamericana --  Deutschland 
Milan Herold,http://www.romanistik.uni-bonn.de/die-bonner-romanistik/gruendungsmythen/kollegiaten-1/jahrgang-2010,Uni Bonn --  Deutschland 
Daniel Wendt,##NA##,##NA## -- ##NA##
Prof. Dr. Brigitte Burrichter,##NA##,Julius-Maximilians-Universität Würzburg --  Am Hubland  97074 Würzburg Deutschland 
Prof. Dr. Rita  De Maeseneer,http://www.uantwerp.be/rita.demaeseneer,##NA## --  Prinsstraat 13 Gent  Belgien 
Prof. Dr. Christiane  Solte-Gresser,http://www.uni-saarland.de/fak4/fr45/fachr.html,Universität des Saarlandes --   Saarbrücken Deutschland 
Maude  Fagot,##NA##,##NA## -- ##NA##
Dr. Andrea Berger,##NA##,Karl-Franzens-Universität Graz --  Österreich 
Dr. Daniel Winkler,http://www.uibk.ac.at/romanistik/personal/winkler/,Leopold-Franzens-Universität Innsbruck --  Innrain  52 6020 Innsbruck Österreich 
PD Dr. Thomas Stauder,https://www.philhist.uni-augsburg.de/lehrstuehle/romanistik/literaturwissenschaft/prof_privdoz/stauder/,Universität Augsburg --  Universitätsstraße 10  86159 Augsburg Deutschland 
Alexander Kagerer,##NA##,Ludwig-Maximilians-Universität München --  Schellingstr.  3 80799  München Deutschland 
PD Dr. Gerhild Fuchs,##NA##,Leopold-Franzens-Universität Innsbruck --   Innsbruck Österreich 
Tobias Kraft,http://www.uni-potsdam.de/romanistik/ette/kraft/index.html,Universität Potsdam --  Am Neuen Palais 10 14469 Potsdam Deutschland 
Weitere Publikationen,http://www.letras.ufmg.br/profs/norbertankenbauer/,Universidade Federal de Minas Gerais --  Av. Antônio Carlos 6627 31270-901 Belo Horizonte Brasilien 
Dr. Marion Kühn,http://www.phil.uni-passau.de/en/die-fakultaet/lehrstuehle-professuren/romanistik/landeskunde-frankreich/mitarbeiter/dr-marion-kuehn.html,Universität Passau --  Deutschland 
PD Dr. Caroline Lüderssen,http://www.div-web.de/deutsch/ueber-uns.html,Universität Heidelberg; Frankfurter Stiftung für deutsch-italienische Studien --  Seminarstr.  3 69117 Heidelberg Deutschland 
Serena Bartali,##NA##,Eberhard-Karls-Universität Tübingen --  Wilhelmstraße 50 72074 Tübingen Deutschland 
Maurella Carbone,##NA##,##NA## --   Frankfurt am Main Deutschland 
Prof. Dr. Margarete Zimmermann,http://www.geisteswissenschaften.fu-berlin.de/we05/mitarbeiter/zimmermann/index.html,Freie Universität Berlin --   Berlin Deutschland 
Prof. Dr. Wolfgang Asholt, http://www.irl.uni-osnabrueck.de/romanistik/mitarbeiter/washolt,Universität Osnabrück --  Neuer Graben 40 49074 Osnabrück Deutschland 
Prof. Dr. Benedicte Vauthier,http://www.espanol.unibe.ch/content/nuestro_instituto/personal/personal_literatura/profesora_de_literatura_dra_bndicte_vauthier/index_spa.html,Universität Bern --  Länggassstrasse  49 3012 Bern Schweiz 
Prof. Dr. Albrecht  Buschmann,http://www.romanistik.uni-rostock.de/abteilungen/spanische-und-franzoesische-literaturwissenschaft/homepage-prof-dr-a-buschmann/,Universität Rostock --  August-Bebel-Str.  28 18055 Rostock Deutschland 
Nina Hahne,##NA##,##NA## -- ##NA##
Zuzana Pesselová,##NA##,Universität Bremen --  Deutschland 
Maria Piovesana,##NA##,Ruhr-Universität Bochum --   Bochum Deutschland 
Vesna  Stirnadel,##NA##,Universität des Saarlandes --  Deutschland 
Dr. Viviane  Azarian,##NA##,##NA## -- ##NA##
Robert Beck,##NA##,##NA## --  Deutschland 
Dr. Anna Albini,##NA##,##NA## -- ##NA##
Julia Wittemann,##NA##,Universität Mannheim --   Mannheim Deutschland 
Dr. Rolando Carrasco,##NA##,##NA## -- ##NA##
Sarah Burnautzki,##NA##,##NA## -- ##NA##
Prof. Dr. Heidi Siller-Runggaldier,##NA##,Leopold-Franzens-Universität Innsbruck --  Innrain  52 6020 Innsbruck Österreich 
Prof. Dr. Gudrun Bachleitner-Held,##NA##,Universität Salzburg --  Erzabt-Klotz-Strasse 1  5020 Salzburg Österreich 
Géraldine Desmarchelier,##NA##,##NA## --  Deutschland 
Prof. Dr. Gudrun Ziegler,http://wwwde.uni.lu/flshase/organigramm/studiendirektoren/gudrun_ziegler,Universität Luxemburg --  Luxemburg 
Ruth Katharina Kopp,www.translation-and-consultancy.de,Ruprecht-Karls-Universität Heidelberg --  Fichtestraße 7 69126 Heidelberg Deutschland 
Dr. Michael Zimmermann,##NA##,##NA## -- ##NA##
Zeno Zelinsky,##NA##,##NA## -- ##NA##
Ulrike  Pfeifer,##NA##,Universitat de les Illes Balears --  Crta. Valldemossa km 7.5  07122 Palma de Mallorca (Illes Balears) Spanien 
Mariano Dharandas Mendez,##NA##,##NA## -- ##NA##
Dr. Juliane Blank,##NA##,##NA## -- ##NA##
Dr. Maroua El Naggare,##NA##,##NA## -- ##NA##
Sekretariat  Fremdsprachendidaktiken,##NA##,##NA## --  Deutschland 
Nicholas Catasso,##NA##,##NA## -- ##NA##
Virginie Ransinan,www.ciera.fr,CIERA --  Deutschland 
Christoph  Behrens,##NA##,Universität Rostock --  August-Bebel-Str.  28 18051  Rostock  Deutschland 
Dr. Virginie Geisler,##NA##,Universität des Saarlandes --  Deutschland 
Julia Engels,##NA##,Christian-Albrechts-Universität zu Kiel --   Kiel Deutschland 
Dr. Julia Pröll,http://www.uibk.ac.at/romanistik/personal/proell/,Leopold-Franzens-Universität Innsbruck --   Innsbruck Österreich 
Tanja Bollow,##NA##,Universität Paderborn --  Deutschland 
Dr. Simona Bartoli Kucher,http://www.uni-graz.at/simona.bartolikucher/site.php?show=1,Karl-Franzens-Universität Graz --   Graz Österreich 
Dr. Matthias Bürgel,##NA##,Universität zu Köln --  Deutschland 
Robert Schikowski,##NA##,##NA## -- ##NA##
Dr. Francesca Bravi,##NA##,Universität Kiel --  Deutschland 
Dr. Laura Sergo,##NA##,Universität des Saarlandes --  Deutschland 
Jakob Willis,##NA##,##NA## -- ##NA##
Silvia Eunice Gutiérrez De la Torre,##NA##,##NA## --  Deutschland 
Ingrid Mechtler,##NA##,##NA## -- ##NA##
Martina Albrich,http://www.uibk.ac.at/msp/mitarbeiterinnen/,Leopold-Franzens-Universität Innsbruck --   Innsbruck Österreich 
Prof. Dr. Gerda Haßler,http://www.uni-potsdam.de/romanistik/hassler/hassler/hassler.html,Universität Potsdam --   Potsdam Deutschland 
Dr. Doris Eibl,##NA##,##NA## -- ##NA##
Silvia Di Cioccio,##NA##,##NA## -- ##NA##
Cord-Christian Casper,##NA##,##NA## -- ##NA##
Susan Chales de Beaulieu,##NA##,##NA## -- ##NA##
Prof. Dr. Andrea Oberhuber,##NA##,##NA## -- ##NA##
Nico Balzarin,##NA##,##NA## -- ##NA##
Prof. Dr. Christoph Vatter,http://www.romanistik.uni-saarland.de/de/vatter/aktuelles.html,Universität des Saarlandes --  Campus C 5.2  66123 Saarbrücken Deutschland 
Stefan Schreckenberg,##NA##,##NA## -- ##NA##
Prof. Dr. Daniel Reimann,https://www.uni-due.de/romanistik/personal/reimann/index.php,Universität Duisburg-Essen --  Universitätsstraße 12 45151 Essen Deutschland 
Dr. Marie Guthmueller,##NA##,Ruhr-Universität Bochum --  Deutschland 
Dr. Marc-Olivier Hinzelin,http://www.hinzelin.net/,Universität Hamburg --  Von-Melle-Park 6 20146 Hamburg Deutschland 
Dr. Pia Claudia Doering,##NA##,##NA## -- ##NA##
Dr. Aouicha Mohr,##NA##,##NA## -- ##NA##
Prof. Dr. Eva Lavric,##NA##,Leopold-Franzens-Universität Innsbruck --   Innsbruck Österreich 
Bastienne Schulz, ##NA##,"	SciencesPo Paris, Campus Nancy --  Deutschland "
Dr. Marco Thomas Bosshard,##NA##,Ruhr-Universität Bochum --  Deutschland 
Dr. Klaus Hockenjos,##NA##,##NA## -- ##NA##
Marie Schröer,##NA##,##NA## -- ##NA##
PD Dr. Anita Traninger,http://www.geisteswissenschaften.fu-berlin.de/we05/institut/mitarbeiter/traninger/index.html,Freie Universität Berlin --  Habelschwerdter Allee 45 Berlin Berlin Deutschland 
Apl. Prof. Jalouneix Catherine,##NA##,Université Paris-Sorbonne --  Frankreich 
Judith Kittler,http://homepage.ruhr-uni-bochum.de/gerald.bernhard/Mitarbeiter.html,Ruhr-Universität Bochum --   Bochum Deutschland 
Nathalie Crombée,##NA##,##NA## -- ##NA##
Dr. Dagmar Schmelzer,##NA##,Universität Regensburg --   Regensburg Deutschland 
Julia Burkhardt,http://www.uni-leipzig.de/~roman/index.php?option=com_content&task=view&id=80&Itemid=104,Universität Leipzig --   Leipzig Deutschland 
Dr. Florence Oloff,http://unibas.academia.edu/FlorenceOloff,Universität Basel --  Maiengasse 51 4056 Basel Schweiz 
PD Dr. Lars Schneider,##NA##,Ludwig-Maximilians-Universität München --  Ludwigstr. 25 80539 München Deutschland 
Prof. Dr. Harm den Boer,https://unibas.academia.edu/HarmDenBoer,Universität Basel --  Maiengasse  51 CH-4056 Basel Schweiz 
Spanische ArbeitsmigrantInnen in Niedersachsen,http://www.uni-hildesheim.de/index.php?id=4290&typo3state=persons&lsfid=3121,Universität Hildesheim --  Marienburger Platz 22 31141 Hildesheim Deutschland 
Dr. Susannah  Ellis,##NA##,Ecole Normale Supérieure --  rue d'Ulm 45 75005 Paris Europäische Union 
Dr. Karin Hilpold,##NA##,##NA## -- ##NA##
Susanne Zieglmeier,##NA##,##NA## --  Deutschland 
Dr. Isabelle Baugé,##NA##,##NA## -- ##NA##
Noémie Chardonnens,##NA##,Universität Lausanne / Paris III --  Schweiz 
Jannie Wullms,##NA##,##NA## -- ##NA##
Prof. Dr. Thomas Johnen,http://www.fh-zwickau.de/index.php?id=1990,Westsächsische Hochschule Zwickau --  Scheffelstraße 39; Haus 1 39 08066 Zwickau Deutschland 
Prof. Dr. Hanno Ehrlicher,##NA##,Universität Augsburg --  Deutschland 
Prof. Dr. Giuliana Giusti,http://www.unive.it/nqcontent.cfm?a_id=82503&pid=5592869,Università Ca' Foscari di Venezia --  Ca' Bembo - Dorsoduro 1075 I-30123 Venedig Italien 
Dr. Nanette Rißler-Pipka,www.revistas-culturales.de; http://www.uni-augsburg.de/institute/isla/Aktuelles/Neue_Mitarbeiterin_am_Institut_f__r_Spanien-__Portugal-_und_Lateinamerikastudien__Dr__Nanette_Ri__ler-Pipka.html,Universität Augsburg --  Universitätsstr. 10 86159 Augsburg Deutschland 
Maria Amelina,http://www.romanistik.uni-frankfurt.de/mitarbeiter/amelina/index.html,Goethe-Universität Frankfurt am Main --   Frankfurt am Main Deutschland 
Marina-Rafaela Buch,##NA##,Johannes-Gutenberg-Universität Mainz --  Jakob-Welder-Weg 18 55128 Mainz Deutschland 
Dr. Doris Bachmann-Medick,http://www.bachmann-medick.de,Justus-Liebig-Universität Gießen --  Alter Steinbacher Weg  38 35394 Gießen Deutschland 
Prof. Dr. Raymund Wilhelm,http://www.uni-klu.ac.at/rom/inhalt/16.htm,Alpen-Adria-Universität Klagenfurt --   Klagenfurt Österreich 
Anne Wolfsgruber,##NA##,Universität Salzburg --  Österreich 
Sandra Rudman,http://www.uni-heidelberg.de/rose/personen/rudman.html,Ruprecht-Karls-Universität Heidelberg --  Seminarstraße 3 69115 Heidelberg Deutschland 
Prof. Dr. Véronique Porra,http://www.staff.uni-mainz.de/porra/welcome.htm,Johannes-Gutenberg-Universität Mainz --   Mainz Deutschland 
Dr. Hendrik Schlieper,http://kw.uni-paderborn.de/institute-einrichtungen/institut-fuer-germanistik-und-vergleichende-literaturwissenschaft/komparatistik/personal/schlieper/,Universität Paderborn --  Warburger Straße 100 33098 Paderborn Deutschland 
Dr. habil. Günter Berghaus,##NA##,University of Bristol --  Qu 
Dr. Max  Doppelbauer,##NA##,Universität Wien --  1090 Wien Österreich 
Dr. Laura De Simone,www.ceeh.es,Centro de Estudios Europa Hispánica --  Felipe IV 12 bajo b  28014 Madrid Spanien 
Prof. Dr. Rafael Arnold,##NA##,Universität Rostock --  Deutschland 
Dr. Christine Felbeck,##NA##,##NA## -- ##NA##
Daniela Bister,##NA##,Philipps-Universität Marburg --  Wilhelm-Röpke-Str.  6D  Marburg Deutschland 
Erica Autelli,##NA##,Leopold-Franzens-Universität Innsbruck --  Innrain 52d 6020 Innsbruck Österreich 
Prof. Dr. Kirsten  Mahlke,##NA##,Ruprecht-Karls-Universität Heidelberg --  Deutschland 
Vanessa Schlüter,##NA##,Johannes-Gutenberg-Universität Mainz --  Deutschland 
Anna  Wörsdörfer,http://www.uni-giessen.de/cms/fbz/fb05/romanistik/institut/personal/profs/emeritus/rieger/DFG-Projekt,Justus-Liebig-Universität Gießen --  Karl-Glöckner-Straße  21 G 35394 Gießen Deutschland 
Mariela Ferrari,##NA##,##NA## -- ##NA##
Dr. Inka Wissner,##NA##,Universität Zürich --  Zürichbergstrasse 8 8032 Zürich Schweiz 
Dirk Brunke,##NA##,##NA## -- ##NA##
Fabienne Detoc,http://kw.uni-paderborn.de/institute-einrichtungen/institut-fuer-germanistik-und-vergleichende-literaturwissenschaft/komparatistik/personal/detoc/,Universität Paderborn --  Warburger Str. 100  33098 Paderborn Deutschland 
Julia Borst,http://www.mkschaeffauer.de/index.php/ger/Mitarbeiter/Julia-Borst,Universität Hamburg --   Hamburg Deutschland 
Stefan Serafin,##NA##,Universität Rostock --  August-Bebel-Str. 28 18055 Rostock Deutschland 
Caterina Sala,##NA##,##NA## --  Deutschland 
Dr. Miguel Gutiérrez Maté,##NA##,##NA## -- ##NA##
Frank  Weßel,##NA##,##NA## -- ##NA##
Walker Adriana,##NA##,##NA## -- ##NA##
Dr. Silvia Richter,https://zope.theologie.hu-berlin.de/guardini/mitarbeiter/wissenschaftliche-mitarbeiterin,Humboldt-Universität zu Berlin --  Deutschland 
Ouifaq Benkiran,##NA##,##NA## -- ##NA##
Prof. Dr. Martin Haase,http://www.uni-bamberg.de/romling,Otto-Friedrich-Universität Bamberg --  An der Universität 5 96045 Bamberg Deutschland 
Corinne Bayerl,##NA##,University of Chicago --  Vereinigte Staaten 
Kirsten  Mahlke,##NA##,##NA## -- ##NA##
Tobias Röhl,http://www.soziologie.uni-mainz.de/FB02/kalthoff/116.php,Johannes-Gutenberg-Universität Mainz --   Mainz Deutschland 
Britta Heinrauch,##NA##,##NA## -- ##NA##
Dr. Frank Jablonka,##NA##,Université de Picardie --  Frankreich 
Vicente Bernaschina,##NA##,##NA## -- ##NA##
Prof. Dr. Elmar Eggert,http://www.romanistik.uni-kiel.de/rs_neu_pers_ling1.htm,Christian-Albrechts-Universität zu Kiel --  Deutschland 
Prof. Dr. Margarita Borreguero,##NA##,Universität Heidelberg --  Deutschland 
Prof. Dr. Juergen Schmidt-Radefeldt,http://www.schmidt-radefeldt.de,Universität Rostock --  August-Bebel-Str. 28  18051 R o s t o c k  Deutschland 
Dr. Santiago Cevallos,##NA##,##NA## -- ##NA##
Prof. Dr. Eva Gugenberger,##NA##,##NA## -- ##NA##
Wiebke Beushausen,##NA##,Universität Heidelberg --  Deutschland 
Jessica Barzen,##NA##,##NA## -- ##NA##
Dr. Juliana  Perez,##NA##,Universidade de São Paulo --  Brasilien 
Dr. Michaela Banzhaf,##NA##,##NA## -- ##NA##
Dr. Biagio Costante,##NA##,##NA## -- ##NA##
Dr. Ofelia Huamanchumo de la Cuba,##NA##,Instituto Riva Agüero - Escuela de Altos Estudios en Humanidades --  Deutschland 
Dirk Brunke,##NA##,Ruhr-Universität Bochum --  Deutschland 
Iván Allende,##NA##, Instituto Cervantes / Fachhochschule Nordakademie --  Deutschland 
Elisabeth Heyne,##NA##,##NA## -- ##NA##
Prof. Dr. Silke  Jansen,##NA##,##NA## -- ##NA##
Lisa Zeller,##NA##,Universität Mainz --  Deutschland 
Corinna Albert,##NA##,Ruhr-Universität Bochum --  Universitätsstraße 150 44801 Bochum Deutschland 
Prof. Dr. Andre Klump,http://www.uni-trier.de/index.php?id=12827,Universität Trier --   Trier Deutschland 
Dr. Anne Brüske,http://www.uni-heidelberg.de/transculturality/karibik-nordamerika.html,Ruprecht-Karls-Universität Heidelberg --  Marstallstraße ^6 69117 Heidelberg Deutschland 
Magdeleine CLO,##NA##,##NA## -- ##NA##
PD Dr. Cordula Neis,##NA##,##NA## -- ##NA##
Dr. Heidrun Witte,##NA##,Universidad de Las Palmas de Gran Canaria --  c/ Pérez del Toro 1 35003 Las Palmas de Gran Canaria Spanien 
Dr. Maryline Cestier,##NA##,##NA## -- ##NA##
Dr. Arlety Góngora,##NA##,Instituto de Información Científica y Tecnológica --  Capitolio de La Habana 1  Ciudad Habana Kuba 
Francesca  Funaro,##NA##,##NA## -- ##NA##
Dr. Oriana Ferraguzzi,##NA##,##NA## --  Italien 
Ursula Arning,http://ursulaarning.cultdoc.uni-giessen.de/ursula-arning,ZB MED - Leibniz-Informationszentrum für Lebenswissenschaften --  Gleueler Str.  60  Köln Deutschland 
Jan Casalicchio,http://it.linkedin.com/pub/jan-casalicchio/5a/bbb/63a,##NA## --  Italien 
Julia Blandfort,http://www-cgi.uni-regensburg.de/Fakultaeten/Romanistik/Institut/index.php?id=507,Universität Regensburg --  Universitätsstraße  31 93040 Regensburg Deutschland 
Dr. Birgit  Aka,http://www.phil.uni-passau.de/die-fakultaet/lehrstuehle-professuren/romanistik/romanische-literaturen/personal/birgit-aka.html,Universität Passau --  Deutschland 
Dr. Gabriela Cordone,##NA##,Université de Lausanne --  Schweiz 
Cynthia  Carggiolis Abarza,##NA##,Ruhr-Universität Bochum --  Deutschland 
Dr. Patricia Bigdely,www.francecommunication.de,##NA## --  Deutschland 
Dr. Elina Absalyamova,##NA##,Université Paris 13 --   Paris Frankreich 
Dr. Henriette  Partzsch,http://www.gla.ac.uk/schools/mlc/staff/henriettepartzsch/,University of Glasgow --   Glasgow Vereinigtes Königreich 
Prof. Dr. Dietrich Scholler,http://www.romanistik.uni-mainz.de/scholler/,Johannes Gutenberg-Universität Mainz --  Welderweg 18 55099 Mainz Deutschland 
Tatjana  Leichsering,##NA##,Goethe-Universität Frankfurt am Main --  Grüneburgplatz  1  Frankfurt am Main Deutschland 
Hanna Budig,http://www.uni-bamberg.de/?id=75328,Otto-Friedrich-Universität Bamberg / Universitat d'Alacant --  Deutschland 
Dr. Cecilia Mussini,##NA##,##NA## -- ##NA##
Prof. Dr. Eva-Maria Remberger,##NA##,##NA## -- ##NA##
Corinna Koch,##NA##,Ruhr-Universität Bochum --   Bochum Deutschland 
Laura Bally,##NA##,Peter Lang Verlag --  Deutschland 
Dr. Janka  Wunderlich,##NA##,##NA## -- ##NA##
Fanny Romoth,##NA##,Universität Rostock --  Deutschland 
Dr. Beatrice Bernardini,##NA##,##NA## -- ##NA##
Dr. Fernando Ramos Arenas,##NA##,Universität Leipzig --  Deutschland 
Dr. Ingo Feldhausen,http://www.romanistik.uni-frankfurt.de/mitarbeiter/feldhausen/index.html,Goethe-Universität Frankfurt --   Frankfurt Deutschland 
Neuere Publikationen:,http://www.uni-leipzig.de/~iafsl/a_de_toro.html,Universität Leipzig --  Beethovenstr. 15 04107 Leipzig Deutschland 
Helena Wolff,##NA##,##NA## -- ##NA##
Dr. Daniela Müller,##NA##,##NA## -- ##NA##
Dr. Lidia Cámara,##NA##,##NA## --  Deutschland 
Prof. Dr. Alfonso de Toro,http://www.uni-leipzig.de/~iafsl/detoro1.html,Universität Leipzig --  Beethovenstraße 15 04107 Leipzig Deutschland 
Dr. Carmen Konzett,http://www.uibk.ac.at/romanistik/personal/konzett/,Leopold-Franzens-Universität Innsbruck --   Innsbruck Österreich 
Dr. Aclay Asutay,##NA##,##NA## --  Deutschland 
Ingrid Scholz,##NA##,##NA## -- ##NA##
Prof. Dr. Helene Blondeau,##NA##,University of Florida --  Vereinigte Staaten 
PD Dr. Kristin Reinke,http://www.staff.uni-mainz.de/reinke/,Johannes-Gutenberg-Universität Mainz --  Deutschland 
Dr. Myriam Benarroch,##NA##,##NA## -- ##NA##
Dr. Kim Schulte, ##NA##,"	Universitat Jaume I, Castellón --  Deutschland "
Dr. Sonja Kral,http://romanistik.univie.ac.at/personal/,Universität Wien --  Garnisongasse  13 1090 Wien Österreich 
Sylvia Jutz,##NA##,##NA## -- ##NA##
Enrico Serena,##NA##,Ruhr-Universität Bochum --   Bochum Deutschland 
Madalina Simona  Schwarz,##NA##,##NA## --  Deutschland 
Beatrice Vervuert,##NA##,Iberoamericana / Vervuert. Wiss. Buchhandlung und Verlag --  Deutschland 
Prof. Dr. Peter Stein,http://www.romanistik.hu-berlin.de/stein.html,Humboldt-Universität zu Berlin --  Unter den Linden 6 / Sitz: Dorotheenstraße 65 10099 Berlin Deutschland 
Prof. Dr. Jörg Dünne,http://www.dispositio.de,Universität Erfurt --  Nordhäuser Str.  63 99089 Erfurt Deutschland 
PD Dr. Karin Becker,##NA##,Westfälische Wilhelms-Universität Münster --  Deutschland 
Elmar Schmidt,##NA##,Universität Bonn --  Am Hof 1 53113 Bonn Deutschland 
Prof. Dr. Kay Gonzalez-Vilbazo,##NA##,University of Illinois at Chicago --  601 S. Morgan St. MC 315 Chicago IL 60607-7117 Vereinigte Staaten 
Susanne Lowien,##NA##,##NA## -- ##NA##
Prof. Dr. Christoph Bürgel,##NA##,Universität Osnabrück --  Deutschland 
Imma Martí,http://homepage.ruhr-uni-bochum.de/imma.marti/,Ruhr-Universität Bochum --   Bochum Deutschland 
Dr. Niels Taubert,##NA##,##NA## -- ##NA##
Cornelius Griep,##NA##,##NA## --  Deutschland 
Ronny Beckert,##NA##,##NA## -- ##NA##
Dr. Marina Corrêa,##NA##,Universität Wien --  Österreich 
Prof. Dr. Ursula  Reutner,http://www.phil.uni-passau.de/die-fakultaet/lehrstuehle-professuren/romanistik/romanischesprachwissenschaft/personal/prof-dr-ursula-reutner/deutsch.html,Universität Passau --  Innstraße 40 94032 Passau Deutschland 
Diana  Di Maria,##NA##,##NA## -- ##NA##
Dr. Amina  Kropp,http://www.phil.uni-mannheim.de/romsem/mitarbeiterinnen/sprach_medienwissenschaft/kropp_amina_dr/index.html,Universität Mannheim --  L 15 1-6 68131 Mannheim Deutschland 
Prof. Dr. Elwys De Stefani,http://www.italiano.unibe.ch/content/linguistica/personale_di_linguistica/de_stefani/index_ger.html,Universität Bern --   Bern Schweiz 
Julien Bobineau,##NA##,Universität Würzburg --  Am Hubland  97074 Würzburg Deutschland 
Prof. Dr. Hans-Jürgen Lüsebrink,http://www.phil.uni-sb.de/fr/romanistik/IK/_team/luesebrink.php,Universität des Saarlandes --   Saarbrücken Deutschland 
Dr. Valeriu P. Stancu,##NA##,Humboldt-Universität zu Berlin / Universitatea Alexandru Ioan Cuza Iasi --  Unter den Linden  6 10099 Berlin Deutschland 
 Ximena Ordónez ,##NA##,Universität Göttingen --  Deutschland 
Patricia Winkler,##NA##,##NA## -- ##NA##
Lidia Molina,##NA##,RWTH-Aachen --  Kármánst. 17/19  52062  Deutschland 
Dr. habil. Katja Ploog,##NA##,Université de Franche-Comté --  30 rue Mégevand  25030 Besançon Frankreich 
María del Carmen Luis Gironés,##NA##,##NA## --   Bad Hersfeld Deutschland 
Julie  Behrman Ortegon,##NA##,##NA## --  Deutschland 
Elena Avrasina,##NA##,##NA## --  Deutschland 
Jasmin Marjam Rezai Dubiel,##NA##,Johannes-Gutenberg-Universität Mainz --  Jakob-Welder-Weg 18 55128 Mainz Deutschland 
Stefanie Voigt,www.linkedin.com/in/stvoigt,Rijksuniversiteit Groningen --  Niederlande 
Katrin Ziegler,##NA##,Università degli studi di Macerata --  Italien 
Hiltrud Lautenbach,##NA##,##NA## -- ##NA##
Marcos Zampieri,##NA##,Universität zu Köln --  Deutschland 
Dr. Tilmann Altenberg,http://www.cardiff.ac.uk/modern-languages/profile/tilmann-altenberg/,Cardiff University --  65-68 Park Place  CF10 3AS Cardiff Vereinigtes Königreich 
Mercè Balaguer Jardí,##NA##,##NA## -- ##NA##
Julia Zwink,http://www.geisteswissenschaften.fu-berlin.de/we05/mitarbeiter/zwink/index.html,Freie Universität Berlin --  Habelschwerdter Allee 45 14195 Berlin Deutschland 
Dr. Katrin Dennerlein,##NA##,##NA## -- ##NA##
Andrea  Wurdak,##NA##,##NA## --  Deutschland 
Anke Schmidt,##NA##,##NA## -- ##NA##
PD Dr. Gabriele Birken-Silverman,http://www.phil.uni-mannheim.de/romsem/mitarbeiterinnen/sprach_medienwissenschaft/birken_silverman_gabriele_pd_dr/index.html,Universität Mannheim --  Deutschland 
Dr. Johanna  Wolf,##NA##,Universität Salzburg --  Österreich 
Prof. Dr. Wendy Ayres-Bennett,http://www.mml.cam.ac.uk/french/staff/wmb1001/,University of Cambridge --  Sidgwick Avenue   Cambridge Vereinigtes Königreich 
Dr. Christian Grünnagel,http://www.uni-giessen.de/cms/fbz/fb05/romanistik/Institut/Personen/Wissmit/gruennagel,Justus-Liebig-Universität Gießen --  Karl-Glöckner-Straße  21 G 35394 Gießen Deutschland 
Sylvia Rexing,http://www.uni-heidelberg.de/rose/personen/rexing.html,Ruprecht-Karls-Universität Heidelberg --  Seminarstr. 3 69117 Heidelberg Deutschland 
Martin Lange,##NA##,##NA## -- ##NA##
Dr. Regine Brossmann,##NA##,##NA## -- ##NA##
Dr. Yasmin  Temelli,##NA##,Heinrich-Heine-Universität Düsseldorf --  Unversitätsstraße 1 40225 Düsseldorf Deutschland 
Sarah Dietrich,##NA##,##NA## -- ##NA##
Helmut Ullrich,##NA##,Ruprecht-Karls-Universität Heidelberg --  Deutschland 
Dr. Christof Schöch,www.christof-schoech.de,Universität Würzburg --  Am Hubland  97074 Würzburg Deutschland 
Prof. Dr. Irene Weber Henking,##NA##,##NA## -- ##NA##
Dr. Christine Konecny,http://www.uibk.ac.at/romanistik/personal/konecny/,Leopold-Franzens-Universität Innsbruck --  Innrain 52d 6020 Innsbruck Österreich 
Louis Malz,##NA##,##NA## -- ##NA##
Christoph Maria Sanders,##NA##,Universität Tübingen --  Deutschland 
Prof. Dr. Oscar Loureda,http://www.uni-heidelberg.de/fakultaeten/neuphil/iask/sued/seminar/abteilungen/spanisch/profil_loureda.html,Ruprecht-Karls-Universität Heidelberg --  Deutschland 
Dr. Gregor Schuhen,##NA##,##NA## -- ##NA##
Ines Hansen,##NA##,Georg-August-Universität Göttingen --  Deutschland 
Prof. Dr. Carmela Di Giovanni,##NA##,##NA## -- ##NA##
Prof. Dr. Benjamin Lucas Meisnitzer,##NA##,Johannes Gutenberg-Universität Mainz --  Welderweg  18 55099 Mainz Deutschland 
Dr. Anne Kraume,"	http://www.uni-potsdam.de/romanistik/ette/kraume.html	Universität Potsdam --  Am Neuen Palais 10, Haus 19  14469 Potsdam Deutschland ","	Universität Potsdam --  Am Neuen Palais 10, Haus 19  14469 Potsdam Deutschland "
Anne-Kathrin Willeke,##NA##,##NA## -- ##NA##
Karen Saban,##NA##,Universität Heidelberg --  Deutschland 
Camila de Lira Santos,##NA##,##NA## -- ##NA##
Dr. Daron Burrows,##NA##,University of Manchester --  Vereinigtes Königreich 
Kathrin Kraller,##NA##,Universität Regensburg --  Deutschland 
Dr. Luca Laurenti Di Biasio,##NA##,Libera Università di Bolzano --   Bolzano Italien 
Daniela Gigante,##NA##,##NA## -- ##NA##
Dr. António  Dinis,##NA##,Universität Graz/Wien --  Österreich 
Vania Cescon,##NA##,##NA## -- ##NA##
Victoria del Valle,http://www.ruhr-uni-bochum.de/romsem/personal/delvalle/,Ruhr-Universität Bochum --   Bochum Deutschland 
Filippo Boldrini,##NA##,##NA## -- ##NA##
Dr. Barbieri Beatrice,##NA##,##NA## -- ##NA##
Dr. Anna-Sophia Buck,##NA##,##NA## --   Paris Frankreich 
Dr. Laura Biella,##NA##,Zentrales Sprach Labor Universität Heidelberg --  Deutschland 
Ana-Sofia Commichau,##NA##,Universität Heidelberg --  Deutschland 
Dr. Aura Heydenreich,##NA##,##NA## -- ##NA##
Antje Ziethen,##NA##,McGill University --  Deutschland 
Aline Willems,##NA##,Universität Trier --  Deutschland 
Jonas Hock,http://www.uni-regensburg.de/sprache-literatur-kultur/romanistik/literaturwissenschaft/mitarbeitende-von-treskow/jonas-hock/index.html,Universität Regensburg --  Universitätsstraße 31 93053 Regensburg Deutschland 
Haimo  Stiemer,##NA##,##NA## --  Deutschland 
Prof. Dr. Eva Martha Eckkrammer,##NA##,##NA## -- ##NA##
Katja Priebe,##NA##,Goethe-Universität Frankfurt am Main --   Frankfurt am Main Deutschland 
Sara Benítez Alonso,##NA##,##NA## -- ##NA##
Prof. Dr. Andrea Pagni,http://www.romanistik.phil.uni-erlangen.de/institut/mitarbeiterinnen/pagni.shtml,FAU Erlangen-Nürnberg --  Bismarckstr.  1 91054 Erlangen Deutschland 
